,tce_ror,av_vf_afp,tce_incl,tce_duration,tce_sma,tce_ldm_coeff4,tce_model_snr,tce_ingress,tce_max_sngle_ev,tce_impact,tce_depth,av_vf_ntp,av_pp_ntp
0,0.0027042662,99.4727,25.04,2.392,0.01877,0.2972176,2.95,0.04453,4.959,0.926,6.092,0.5241,0.0776
1,0.005439672,19.3632,86.17,2.122,0.02187,0.1660276,10.6,0.01228,3.914,0.2563,34.53,75.5253,91.5978
2,0.0053570051,16.8867,74.42,1.521,0.01766,0.2176708,8.302,0.01581,7.494,0.7,29.68,80.6298,94.8242
3,0.0048057828,99.7779,88.13,2.181,0.01877,0.2972176,11.95,0.01053,5.621,0.09536,27.1,0.2096,0.0677
4,0.011713396,4.1121,90.0,12.01,1.546,0.3250118,3.719,0.139,15.24,0.00319,161.3,91.3627,98.5838
5,0.11489522,19.2652,89.91,2.078,0.07859,-0.4371792,473.3,0.2147,113.0,0.05677,16310.0,0.4803,2.1923
6,0.0050458702,1.0272,82.19,7.509,0.03654,0.3250118,9.239,0.04141,6.832,0.3,29.41,98.9475,99.0032
7,0.014152152,98.7528,88.45,3.399,0.05205,-0.5344602,15.25,0.05205,4.69,0.3,246.5,0.2367,0.0765
8,0.41776277,92.52,85.9,4.804,0.07493,0.4306218,2368.0,10.66,495.7,0.9829,76500.0,2.6919,1.1974
9,0.26789425,79.0037,79.49,4.606,0.0472,0.4306218,1311.0,2.303,170.4,0.9991,28810.0,9.1847,6.6334
10,0.0059114271,15.3515,86.79,5.53,0.04184,0.379668,11.97,0.03392,3.323,0.2052,40.43,80.4146,95.1343
11,0.0077313756,6.3528,12.39,1.626,0.02636,0.379668,11.52,0.7649,6.68,0.9948,31.94,93.2192,98.4428
12,0.010525716,19.9649,84.7,1.448,0.01374,0.0853638,10.86,0.01645,15.42,0.2898,129.3,76.1077,92.3372
13,0.031580483,10.2498,89.86,1.277,0.1401,-0.5658316,101.3,0.04333,23.83,0.318,1221.0,0.1077,0.9553
14,0.0043276178,91.8256,62.01,3.354,0.01913,0.0002518,4.058,0.02918,6.567,0.712,19.39,6.3658,2.0293
15,0.011363371,99.3521,28.19,3.332,0.01913,0.0002518,15.23,0.1802,4.422,0.895,111.3,0.6261,0.079
16,0.0081488352,99.2034,87.46,3.188,0.01913,0.0002518,18.36,0.02603,5.347,0.1,79.63,0.6279,0.0791
17,0.0090518902,98.9912,62.14,1.399,0.02118,0.3025464,11.18,0.06443,4.18,0.9013,71.9,0.8974,0.0892
18,0.0095941849,97.0384,77.27,1.361,0.02118,0.3025464,14.42,0.02516,6.83,0.7002,94.81,2.8225,0.6822
19,0.02952787,52.8551,88.16,1.113,0.0501,-0.4978238,137.9,0.06198,27.41,0.7064,890.7,6.5035,17.2313
20,0.0084950296,9.1811,26.75,4.175,0.02957,0.3025464,10.3,0.1977,4.323,0.9104,62.76,90.561,97.9136
21,0.0048594005,7.8049,76.06,3.461,0.02314,0.2176708,9.234,0.02228,4.474,0.5,26.43,92.1141,98.1647
22,0.0051770702,99.7202,49.33,2.349,0.01877,0.2972176,8.812,0.05053,4.885,0.8744,24.27,0.2798,0.0721
23,0.0035302209,10.2165,81.19,1.408,0.01378,0.1660276,5.218,0.005981,7.186,0.4156,14.14,88.6209,97.5565
24,0.016107057,99.7898,65.47,2.897,0.01855,0.3521146,16.21,0.0776,3.963,0.644,275.1,0.1482,0.0763
25,0.0044584673,8.0186,79.43,3.33,0.02726,0.3426902,8.124,0.01989,6.389,0.5077,22.04,90.3254,97.9898
26,0.14085155,81.3504,84.59,1.632,0.01851,-0.3782268,663.3,0.2612,94.61,0.5078,23050.0,2.0419,6.2334
27,0.0039820732,70.7907,88.24,1.421,0.0159,0.3481512,15.74,0.005698,12.89,0.1038,18.43,23.1004,19.0027
28,0.0022943664,8.5581,31.22,2.16,0.02004,-0.0054406,10.12,0.02578,20.0,0.9,4.77,91.2567,98.0297
29,0.0030920677,95.1112,83.98,3.159,0.03181,-0.0054406,17.03,0.01088,5.188,0.3246,10.65,4.7926,1.3353
30,0.0036590295,96.7692,79.09,2.005,0.03181,-0.0054406,20.18,0.01428,5.716,0.7,13.77,2.6891,0.6442
31,0.0051467555,1.9554,45.18,8.03,0.04286,0.206524,8.974,0.2097,6.6,0.8989,23.09,97.9286,98.878
32,0.006332059,6.4929,87.3,6.716,0.05218,0.4218842,10.48,0.04402,4.449,0.2008,46.86,91.8765,98.2947
33,0.0082259636,14.0549,89.99,10.76,0.1602,-0.122164,9.339,0.08783,8.445,0.004853,82.34,4.481,5.9825
34,0.012940222,7.0908,13.5,2.232,0.02935,0.2283484,13.29,2.233,4.206,0.9973,60.83,92.4857,98.2917
35,0.0061797456,99.4898,68.08,4.822,0.04659,0.2283484,6.253,0.152,3.914,0.9,33.27,0.5007,0.0775
36,0.0074979887,96.6887,32.17,7.093,0.04659,0.2283484,11.8,0.5995,4.204,0.9584,42.58,3.2927,0.829
37,0.015831981,11.6432,57.49,1.854,0.01857,0.4270188,11.01,0.1429,10.51,0.9,220.6,88.0765,97.3651
38,0.28490678,99.8976,89.57,7.5,0.08974,0.0385542,-1.0,1.676,1955.0,0.1,354100.0,0.071,0.0081
39,0.41664105,93.0609,76.38,18.64,0.08974,0.0385542,1316.0,9.32,199.6,0.9992,71520.0,5.6832,1.705
40,0.028834895,8.7493,89.91,9.138,1.121,-0.391372,6.595,0.339,6.404,0.5014,955.9,79.4943,93.7265
41,0.033761186,63.0498,89.87,2.33,0.1109,0.2041058,102.6,0.07683,18.2,0.1,1343.0,0.3777,3.8437
42,0.0082424638,98.9342,69.52,1.385,0.01493,0.3215816,6.968,0.02203,4.318,0.7,70.02,0.9503,0.092
43,0.03118325,0.3618,89.53,4.737,0.1716,-0.2122936,22.53,0.161,5.663,0.3372,1149.0,0.0234,0.0
44,0.012449246,17.5423,89.42,15.21,0.1577,0.167098,8.8,0.1892,5.605,0.1083,183.0,72.6838,88.3762
45,3.8372029e-05,24.7005,27.65,1.789,0.0192,-0.043288,0.001844,0.0005074,17.6,0.9299,0.001231,73.8289,89.5276
46,0.0053942409,97.9493,70.35,4.885,0.04748,0.422197,4.795,0.1179,4.84,0.8842,26.23,2.0195,0.4366
47,0.006302135,98.4896,37.65,7.943,0.04747,0.422197,8.384,0.4255,4.903,0.9426,32.21,0.8671,0.088
48,0.0096718841,12.4598,39.99,6.558,0.04515,0.0018762,7.782,0.3922,3.956,0.9207,80.86,85.6516,96.9062
49,0.007075093,95.8035,74.93,2.489,0.01982,0.0018762,6.405,0.02338,4.235,0.5038,54.92,4.1904,1.1293
50,0.0047403749,15.5358,89.23,6.848,0.01935,-0.4620324,9.769,0.03232,5.457,0.01462,28.06,84.3001,95.9132
51,0.0029388135,95.7851,76.79,5.695,0.04019,-0.0791284,9.827,0.02225,9.104,0.5005,9.616,4.0263,1.0748
52,0.0035162937,99.1347,41.98,4.979,0.04018,-0.0791284,11.02,0.09916,3.138,0.9094,10.66,0.8435,0.0866
53,0.1174019,93.5227,87.23,7.328,0.2555,0.0091928,544.5,3.664,178.7,0.9999,4906.0,0.0636,0.0169
54,0.0070977435,7.4623,75.38,4.822,0.0285,0.2449562,7.039,0.04494,7.793,0.4955,55.95,92.4608,98.2298
55,0.012577109,9.0978,77.44,7.312,0.05929,0.2449562,12.4,0.1772,4.277,0.7026,164.1,90.4497,97.9135
56,0.010990393,5.7103,65.44,8.768,0.04525,0.2449562,10.32,0.1975,6.513,0.7233,124.0,94.2007,98.597
57,0.0080573784,98.6832,66.16,6.319,0.03071,0.0214924,9.857,0.09644,10.78,0.6929,67.94,1.3106,0.1254
58,0.0076388343,96.8524,89.11,6.076,0.03071,0.0214924,11.81,0.04613,6.555,0.03826,69.77,3.1103,0.7749
59,0.0050264557,53.1897,89.81,5.362,0.01956,0.073744,11.61,0.02682,16.76,0.004675,30.11,46.5192,42.8503
60,0.0056588258,59.7968,15.34,1.23,0.01882,-0.1617616,5.537,0.3048,4.729,0.991,18.12,38.3914,32.7271
61,0.041204569,2.8667,89.98,11.28,1.159,-0.541298,6.192,0.4522,12.72,0.1166,2197.0,89.8238,97.7914
62,0.036111927,12.0547,89.89,6.614,0.773,-0.541298,4.783,0.3293,12.17,0.5573,1501.0,70.6506,88.0087
63,0.0041518743,11.2185,60.09,5.705,0.03033,0.1041224,8.096,0.04602,5.666,0.6996,17.88,88.3295,97.4506
64,0.0059942988,10.8132,82.83,7.168,0.03058,0.2752792,10.72,0.04557,4.486,0.2512,41.9,88.718,97.5466
65,0.021335314,2.3887,88.96,3.019,0.07443,-0.5060664,45.52,0.07213,11.55,0.3583,549.4,0.2004,0.2648
66,0.018203281,3.533,89.85,6.691,0.3289,-0.5060664,14.03,0.1262,5.82,0.2298,409.8,0.1754,0.3736
67,0.02144353,0.532,87.92,4.779,0.1749,-0.1286606,36.34,0.3439,10.2,0.8502,421.7,0.0534,0.0001
68,0.021809819,1.5096,89.42,6.621,0.3811,-0.1286606,28.78,0.283,8.581,0.7151,492.0,0.0765,0.0394
69,0.0049031405,12.7164,39.41,1.489,0.01593,0.1420584,2.289,0.03756,4.806,0.9003,21.16,86.8215,97.0132
70,0.010358852,7.5086,86.81,5.193,0.0234,0.1420584,9.165,0.05353,3.481,0.07454,125.1,92.3574,98.22
71,0.013566895,94.9727,87.29,4.5,0.02528,0.3097816,-1.0,0.06083,4.347,0.1,214.5,5.0148,1.4129
72,0.011529427,99.0379,75.02,4.36,0.02528,0.3097816,12.18,0.06545,4.338,0.4934,147.6,0.9339,0.0911
73,0.014734248,6.787,60.88,4.918,0.04118,0.3834464,9.774,0.3547,4.874,0.9,192.5,93.0486,98.363
74,0.0055764939,8.5838,54.75,2.367,0.02211,0.2497272,11.39,0.06753,5.66,0.9,27.17,87.8926,97.8143
75,0.009557958,98.6723,21.83,5.294,0.046,0.2497272,10.06,1.238,2.87,0.9837,60.6,1.2838,0.1211
76,0.0056683875,96.6339,58.31,6.282,0.046,0.2497272,7.269,0.191,4.522,0.9051,27.88,3.3599,0.8497
77,0.006634174,99.7473,36.47,2.344,0.01817,0.2914774,13.81,0.07854,4.174,0.8992,38.8,0.2401,0.0675
78,0.0048142899,7.6209,83.66,5.273,0.03136,0.248792,9.4,0.02713,4.792,0.2627,26.75,92.3255,98.1993
79,0.0040886696,7.5095,87.82,3.532,0.01508,0.248792,10.26,0.01441,4.209,0.04668,19.52,92.21,98.2176
80,0.0050787238,97.887,67.21,1.891,0.02202,0.0036564,21.75,0.01927,8.246,0.7118,26.4,1.8428,0.375
81,0.011582195,98.3167,71.46,1.342,0.0161,0.1079876,14.48,0.03087,17.36,0.7128,137.4,1.618,0.257
82,0.011627248,2.5195,89.7,5.656,0.2304,-0.0433128,11.4,0.07089,12.46,0.2896,159.7,0.0381,0.0
83,0.009193555,99.4621,76.9,1.11,0.01475,0.146332,10.6,0.02006,6.732,0.7073,86.57,0.4911,0.0775
84,0.0091634444,99.6355,83.68,0.8888,0.01475,0.146332,10.16,0.01097,4.124,0.5165,91.77,0.327,0.0737
85,0.020176247,91.6426,87.22,0.9807,0.01726,-0.4697314,49.56,0.0219,4.757,0.3418,481.3,1.5902,1.33
86,0.19190552,97.0505,85.7,10.08,0.06739,0.2980704,4074.0,1.82,661.2,0.3557,41850.0,1.1783,0.1478
87,0.080759349,54.2033,69.4,9.121,0.04245,0.2980704,698.8,1.197,91.82,0.6804,6821.0,41.2637,34.2067
88,0.013381657,98.1918,69.91,15.24,0.06739,0.2980704,21.43,0.3864,4.279,0.6968,186.3,1.5634,0.2263
89,0.012044633,99.1575,87.97,15.0,0.06739,0.2980704,-1.0,0.1803,5.571,0.1,169.4,0.7182,0.0816
90,0.0098604833,88.1238,84.59,21.53,0.1108,0.2041058,15.64,0.2533,3.639,0.4145,111.0,6.5499,2.2331
91,0.010831488,98.6786,12.76,1.656,0.03341,-0.0009356,16.95,0.8769,6.414,0.9938,68.27,1.2868,0.1215
92,0.010146611,98.0856,13.42,1.8,0.03341,-0.0009356,20.39,0.6482,3.989,0.9901,73.1,1.8494,0.376
93,0.01569895,0.2228,89.96,2.587,1.263,0.0454856,6.684,0.07629,9.166,0.6951,256.9,99.5442,99.5071
94,0.0047904988,95.2001,85.72,1.905,0.03922,-0.035066,14.1,0.01228,4.729,0.5113,25.29,4.555,1.2565
95,0.0041278064,96.2043,88.04,1.789,0.03922,-0.035066,10.77,0.007969,5.488,0.2785,19.51,3.033,0.7552
96,0.01539482,98.3051,29.47,3.286,0.03055,-0.098889,16.74,1.189,31.46,0.985,143.3,1.5981,0.2456
97,0.0099539447,99.2527,67.12,2.967,0.01982,0.0018762,12.71,0.04484,5.361,0.5926,106.4,0.7411,0.0823
98,0.0079083788,28.4423,72.93,1.058,0.01752,-0.1068172,11.08,0.0432,12.7,0.9023,51.96,6.8636,12.5254
99,0.019882697,54.6524,62.28,1.301,0.01524,-0.2420112,19.98,0.1237,10.68,0.9001,330.1,21.6242,20.4422
100,0.013688422,28.9839,82.12,6.833,0.03129,-0.2420112,10.59,0.1013,4.206,0.3,223.3,69.1793,84.8779
101,0.0069983282,96.4501,74.87,15.45,0.07673,0.2592354,10.78,0.2054,4.199,0.6932,51.14,3.5375,0.9063
102,0.0064289343,9.7874,35.22,10.85,0.04834,0.2592354,10.78,0.3907,4.099,0.9098,35.41,89.2925,97.6575
103,0.012933646,33.3174,85.42,1.957,0.04973,0.2917824,9.395,0.04438,6.582,0.6653,175.5,58.2404,63.3402
104,0.005821721,7.6693,25.89,14.39,0.06517,0.2917824,3.044,0.4278,3.087,0.9,30.01,91.8929,98.1766
105,0.0044346749,99.4724,78.54,3.172,0.01975,0.4057316,11.41,0.01632,5.358,0.3776,22.2,0.5245,0.0776
106,0.014106421,21.4349,79.28,1.064,0.02001,0.1035748,9.05,0.02934,5.204,0.7088,203.1,74.147,90.6641
107,0.0080052222,14.6668,89.28,3.803,0.02257,0.2449562,5.056,0.03022,4.85,0.02521,74.76,82.888,95.9505
108,0.070131742,9.9324,89.78,5.972,0.3112,-0.5555552,114.5,0.4426,56.72,0.3516,6092.0,0.4119,1.2024
109,0.0078794932,25.3343,89.9,5.315,0.01957,0.1264144,10.15,0.04155,4.782,0.00237,73.82,74.3351,89.5726
110,0.0068439651,3.3235,62.69,5.135,0.04247,0.2507266,9.209,0.192,36.01,0.9076,40.27,96.1378,98.8573
111,0.013383479,6.5079,83.96,1.925,0.01616,0.1937534,13.94,0.02695,6.675,0.2391,206.4,93.4236,98.4197
112,0.016731944,95.1091,88.41,1.251,0.01365,-0.2420112,9.253,0.02079,5.783,0.1,336.0,3.5898,0.938
113,0.014420838,87.3231,89.82,0.6458,0.01364,-0.2420112,2.718,0.009185,5.25,0.02164,240.0,11.6553,6.8064
114,0.013583398,5.807,84.67,1.293,0.04544,0.129502,20.41,0.0806,10.04,0.8918,160.5,0.231,0.5889
115,0.013531627,6.6445,88.82,1.44,0.1104,-0.3513478,26.93,0.06716,8.08,0.8503,164.5,0.2398,0.6727
116,0.026214609,23.4587,15.78,4.379,0.03238,0.3097816,14.61,1.552,4.413,0.9736,490.0,73.5513,90.1512
117,0.0484118,1.6138,89.83,3.797,1.177,0.200259,8.052,2.939,55.92,0.9848,1106.0,96.736,98.7624
118,0.0077322526,11.6604,79.21,1.918,0.01924,0.3144968,13.24,0.01957,7.485,0.5,65.75,86.3498,97.1589
119,0.012793801,9.1435,86.58,3.036,0.04557,-0.009274,62.55,0.04945,7.591,0.4769,185.8,2.0111,3.139
120,0.015859861,22.2645,89.55,9.514,0.1747,-0.4129726,7.172,0.1531,4.408,0.1744,308.7,19.5924,17.0331
121,0.0087244721,99.015,34.21,1.855,0.01608,0.3355462,11.28,0.08471,4.949,0.9042,67.05,0.96,0.0925
122,0.0091921505,99.547,89.82,2.318,0.01608,0.3355462,13.29,0.02112,3.906,0.006181,97.87,0.2016,0.0652
123,0.0020742783,22.8732,42.51,2.75,0.01616,-0.0147508,9.626,0.01243,12.35,0.7371,4.373,76.1226,91.1361
124,0.010865482,9.2754,76.61,3.385,0.02341,0.3834464,8.758,0.04834,4.998,0.5,130.4,90.5801,97.8981
125,0.017313562,8.7085,87.33,2.5,0.01733,0.3834464,-1.0,0.04297,4.118,0.1,346.7,91.1708,98.0038
126,0.03181272,16.5021,57.8,7.416,0.07312,-0.1101468,11.66,3.489,4.439,0.9785,639.7,82.0722,95.1381
127,0.03361444,94.2899,25.98,3.315,0.03515,-0.1101468,12.76,8.847,3.439,0.9989,388.2,5.5407,1.6203
128,0.0036927006,52.3449,85.19,1.316,0.01561,0.0523968,5.588,0.005406,7.048,0.3239,15.79,44.8418,41.0096
129,0.11029488,10.5919,88.96,41.67,1.399,-0.5109188,11.25,20.83,52.42,1.0,3504.0,86.5517,97.4114
130,0.0024065108,8.7328,42.53,6.144,0.02438,0.2789412,4.178,0.03882,4.735,0.7883,5.704,91.0995,97.9986
131,0.0022197973,29.6236,82.23,1.826,0.0132,0.3404948,6.518,0.004487,9.273,0.3142,5.686,69.5768,84.4608
132,0.00761598,30.6536,88.79,14.5,0.1328,-0.122164,9.794,0.1154,4.841,0.2253,69.77,6.6422,13.1112
133,0.0050763971,25.3379,68.01,6.155,0.0233,-0.122164,11.64,0.04654,3.129,0.5777,28.61,73.1059,88.9277
134,0.0044711391,23.1049,81.93,9.04,0.03698,-0.122164,8.83,0.04544,4.521,0.3391,23.67,74.916,90.7678
135,0.0072482047,15.3175,88.02,1.736,0.01523,0.1568872,10.2,0.01257,43.83,0.07712,61.34,83.8415,95.7694
136,0.012969058,14.3669,81.89,1.681,0.01319,0.4270188,10.07,0.02392,4.543,0.3185,191.6,84.9605,96.2422
137,0.13233565,97.3994,80.12,2.649,0.05231,-0.48992,366.2,1.171,120.5,0.9,12680.0,0.6061,0.1542
138,0.026496504,83.8384,84.93,1.916,0.05231,-0.48992,35.63,0.09468,6.263,0.7,730.8,1.4827,4.0954
139,0.008408585,12.5056,64.96,2.0,0.0183,-0.042329,11.94,0.03244,5.899,0.7,73.1,87.4839,97.1255
140,0.5,98.4074,89.97,10.5,0.6518,-0.3150696,-1.0,3.525,2001.0,0.1,471900.0,1.4745,0.1757
141,0.62679814,96.1961,89.75,11.69,0.6518,-0.3150696,1156.0,9.39,877.1,0.8299,235200.0,0.2359,0.2129
142,0.010959965,0.994,85.82,3.075,0.05591,0.019449,30.82,0.05708,6.539,0.6484,128.4,0.0207,0.0
143,0.012920734,0.9079,89.8,3.504,0.1122,0.019449,29.08,0.04515,6.329,0.1,199.2,0.0473,0.0
144,0.03004929,86.8676,88.5,0.9959,0.03881,0.262692,38.98,0.03914,9.194,0.515,989.1,1.8121,3.3866
145,0.024566222,74.6549,86.06,0.7864,0.03881,0.262692,16.37,0.09731,6.099,0.9082,500.2,6.7501,9.367
146,0.034139124,95.6815,72.75,2.273,0.02943,-0.0177662,82.14,0.5297,20.11,0.9403,883.5,0.5734,0.2744
147,0.40283953,98.3588,82.7,3.017,0.03003,-0.2805164,1060.0,1.802,185.2,0.8086,115800.0,0.6309,0.0944
148,0.012402861,30.2934,21.79,6.555,0.04136,0.332961,14.85,0.728,9.322,0.9487,123.8,66.5592,82.0665
149,0.041438321,12.1302,85.99,0.8872,0.02721,0.3399482,37.43,0.1609,8.111,0.9,1447.0,0.3039,1.4176
150,0.013084152,31.3262,17.65,1.366,0.0115,-0.0711908,13.37,0.1715,6.775,0.953,125.7,64.2383,77.5506
151,0.035182881,31.5744,88.13,1.5,0.0124,-0.0711908,-1.0,0.05148,3.787,0.1,1486.0,66.6159,81.215
152,0.014501723,92.4425,61.56,4.317,0.0225,-0.3554752,27.48,0.09583,5.063,0.6009,228.8,6.864,2.2388
153,0.019341247,92.8848,26.5,3.171,0.0225,-0.3554752,17.28,0.294,4.258,0.9,322.6,6.8015,2.1962
154,0.019335557,18.3244,88.14,1.5,0.01744,-0.3554752,-1.0,0.02874,4.358,0.1,440.1,81.107,94.3231
155,0.006507617,79.0874,86.07,2.768,0.05227,0.059056,10.98,0.04303,216.1,0.7667,42.23,6.676,6.8227
156,0.0064909307,9.0366,86.08,3.182,0.03786,0.2974402,12.77,0.02354,5.89,0.3592,48.11,86.8951,97.638
157,0.0039269398,99.8355,35.63,2.875,0.01975,0.4057316,9.44,0.0496,6.553,0.8811,14.04,0.1583,0.0742
158,0.024789474,0.6391,89.56,3.307,0.09819,-0.48611,36.7,0.08372,6.226,0.2137,758.7,0.0,0.0
159,0.0032278503,98.9249,20.18,2.177,0.0205,0.3019098,2.282,0.05861,5.334,0.9398,8.625,1.0031,0.095
160,0.0025500229,97.101,81.26,6.151,0.02049,0.3019098,1.623,0.01601,3.806,0.152,7.499,2.7942,0.6736
161,0.0060114752,46.0835,87.65,4.51,0.01969,0.2143116,10.02,0.02707,4.834,0.06743,42.67,53.5798,55.7523
162,0.0092956605,59.9777,89.9,5.039,0.01809,0.0963296,11.14,0.04641,9.476,0.002539,103.5,39.3407,33.2017
163,0.006573666,67.704,80.39,3.561,0.01887,-0.0859986,10.5,0.02608,4.972,0.3298,50.8,31.9919,27.3812
164,0.026155652,2.533,88.72,1.884,0.05407,-0.2634496,51.9,0.06145,9.551,0.4735,811.4,0.0737,0.0455
165,0.0095985084,65.5831,80.75,1.876,0.0256,0.030838,12.82,0.03634,5.578,0.7169,94.73,2.1471,11.1452
166,0.022987497,17.7811,89.79,25.77,1.25,-0.0011276,9.841,0.7468,9.892,0.4792,599.7,56.3697,72.4857
167,0.0073150649,7.7032,83.41,2.607,0.03355,-0.0760318,14.12,0.02951,6.904,0.6008,58.45,1.2638,1.2304
168,0.019315437,30.8484,89.16,1.371,0.02318,-0.1970964,7.014,0.02614,14.99,0.0771,434.5,61.3341,69.8022
169,0.010117133,23.4979,60.62,12.71,0.06963,0.1221992,7.649,0.6332,10.79,0.8982,88.84,70.813,86.5458
170,0.034084021,41.4609,83.78,0.9358,0.01832,-0.1192706,35.04,0.05517,58.58,0.6748,1202.0,46.0768,42.7911
171,0.0029225647,6.2287,53.07,2.431,0.02028,0.129466,3.985,0.02606,7.083,0.8546,7.956,93.5771,98.4809
172,0.005720521,13.2506,55.17,3.716,0.0322,0.129466,10.43,0.1104,4.658,0.9017,28.74,85.1256,96.6211
173,0.046315231,0.8155,89.9,3.95,1.107,-0.5416238,4.948,0.6303,18.51,0.8679,1836.0,98.0019,98.8916
174,0.0051565209,97.3651,55.8,3.723,0.0333,-0.3790884,4.468,0.1204,5.364,0.9195,20.98,2.5457,0.5966
175,0.0031491754,97.602,72.88,11.41,0.0333,-0.3790884,5.4,0.0412,3.978,0.3623,11.89,2.1944,0.4973
176,0.00028179402,87.4702,76.18,0.5097,0.03421,0.3721792,0.003663,0.007377,6.344,0.9904,0.04821,12.2988,7.513
177,0.032364734,99.8053,24.66,3.492,0.03515,-0.1101468,16.42,4.046,4.649,0.9949,419.7,0.1791,0.0707
178,0.0094781261,98.9317,87.53,6.0,0.03515,-0.1101468,-1.0,0.0569,5.115,0.1,104.7,1.0369,0.0971
179,0.00391604,51.8037,89.56,8.951,0.03458,-0.4320748,4.479,0.03493,5.781,0.01781,19.08,46.6151,43.6992
180,0.0066268845,88.3671,84.95,1.867,0.05,-0.0180578,22.12,0.02396,34.68,0.7001,45.21,10.9869,5.9555
181,0.025273508,93.6085,32.58,19.8,0.1186,0.0876128,17.37,17.32,8.064,0.9935,255.0,5.7303,1.7112
182,0.0083857337,92.2457,89.99,17.35,0.1186,0.0876128,9.696,0.1443,2.936,0.0007964,84.41,6.8469,2.2369
183,0.013398894,12.1578,87.48,21.26,0.2423,0.129484,12.38,0.4149,5.101,0.5715,197.5,10.6381,7.7447
184,0.0088559028,98.9348,84.0,1.501,0.01481,0.245988,17.74,0.01425,6.051,0.2761,90.07,1.0372,0.0971
185,0.0050959124,29.6643,88.57,3.49,0.02582,0.0933136,8.836,0.01781,9.158,0.08076,30.92,68.6629,84.0581
186,0.0054333623,7.2479,72.83,2.442,0.01916,0.1169808,7.976,0.02172,6.305,0.6281,31.69,91.8488,98.1509
187,0.0068322093,17.593,86.52,2.986,0.03039,0.1169808,8.88,0.02174,3.592,0.2615,54.49,79.1511,94.2693
188,0.050569048,97.9412,74.58,5.339,0.07084,-0.4821652,33.66,8.728,6.435,0.9957,829.5,0.4993,0.1248
189,0.013946901,20.3301,10.59,1.164,0.01896,-0.042329,18.79,0.3814,4.42,0.9845,132.9,79.2178,93.2357
190,0.0060084961,12.439,82.88,3.279,0.02957,-0.042329,3.195,0.02205,3.566,0.3355,41.1,86.7886,96.9748
191,0.015015725,7.7408,12.09,1.749,0.02359,0.0422048,15.47,0.6418,4.748,0.9856,149.3,92.0144,98.1741
192,0.014349774,8.886,18.87,3.86,0.03118,0.0422048,16.95,0.5131,4.764,0.9516,163.4,90.7155,97.9623
193,0.0052368748,90.44,87.49,4.358,0.05289,0.3697696,8.929,0.0246,5.253,0.2784,31.5,9.2052,3.9121
194,0.0032766264,9.449,26.67,3.993,0.02543,0.3697696,4.884,0.07411,3.048,0.9092,9.357,89.8426,97.7554
195,0.0053489685,98.8958,60.91,7.347,0.05289,0.3697696,9.967,0.1841,3.577,0.8899,25.67,0.9706,0.0932
196,0.073007976,0.9531,89.74,6.118,1.141,-0.5217742,7.379,3.059,12.85,0.9999,1620.0,97.9777,98.8957
197,0.02667153,2.3946,89.92,8.337,1.554,0.146332,6.358,0.3929,10.91,0.6786,748.5,91.2702,98.2334
198,0.024059955,2.9101,89.56,2.238,0.0993,-0.5153256,72.01,0.05835,10.4,0.3177,704.5,0.0119,0.0
199,0.010296907,96.661,67.38,1.277,0.0174,0.0944274,38.69,0.06634,7.486,0.9011,90.44,0.6432,0.2012
200,0.014525521,7.2042,89.56,1.838,0.03133,0.169686,9.901,0.02657,6.614,0.1,253.6,2.3919,2.6475
201,0.15441943,85.9492,73.03,1.94,0.01522,0.3240612,2338.0,0.4472,449.2,0.69,24580.0,11.4391,6.7697
202,0.006109164,19.1665,71.14,1.38,0.01316,0.746072,3.623,0.01931,88.26,0.7547,37.35,78.5515,93.5203
203,0.022072516,0.1396,88.52,3.328,0.07878,0.1053554,39.53,0.09459,8.42,0.4955,551.0,0.0,0.0
204,0.0089364189,92.5185,83.77,1.916,0.03415,-0.0352336,6.788,0.03448,16.39,0.7158,82.19,5.1759,1.518
205,0.0079475043,96.7293,64.07,7.23,0.03417,-0.0352336,8.769,0.1241,2.957,0.7382,64.36,2.2177,0.5106
206,0.0082574396,28.4431,45.58,4.214,0.02151,-0.0352336,9.472,0.1117,4.091,0.8347,63.94,67.8378,83.9179
207,0.010451822,99.575,30.86,2.102,0.01731,0.3369464,9.163,0.1252,5.433,0.9136,94.85,0.4188,0.0776
208,0.013373623,99.0129,42.87,2.496,0.01731,0.3369464,14.52,0.1128,3.021,0.847,168.7,0.9218,0.0905
209,0.10718904,95.1167,87.66,6.733,0.2394,0.1356076,102.3,14.37,50.42,0.9947,4393.0,0.6109,0.3158
210,0.089375073,65.9896,84.84,1.81,0.07438,0.2111592,238.7,0.905,31.08,1.0,2758.0,4.8966,11.7642
211,0.0060405944,19.847,87.13,6.073,0.01649,-0.2634496,10.47,0.0366,4.036,0.06125,47.37,77.7338,93.0607
212,0.0074755093,53.2118,40.31,3.071,0.02048,0.0757184,9.393,0.1023,4.295,0.8848,49.54,46.2166,42.1865
213,0.008741553,66.5276,72.45,5.276,0.02942,-0.1052712,6.936,0.0789,4.916,0.6513,81.92,32.0934,27.5383
214,0.008975043,96.2068,88.97,3.662,0.06362,0.104662,10.18,0.03412,5.534,0.2141,94.97,1.2567,0.2146
215,0.038547665,26.0314,85.52,3.842,0.09148,-0.4987672,36.0,0.6221,11.8,0.8933,1227.0,0.6351,2.8348
216,0.006208767,98.67,88.62,5.849,0.05004,0.3701816,10.72,0.03655,6.788,0.1117,45.02,1.2465,0.1158
217,0.007212912,99.4313,71.31,4.369,0.05004,0.3701816,11.48,0.1599,2.988,0.9,45.78,0.5315,0.0777
218,0.0037080872,98.3444,89.1,1.991,0.02202,0.0036564,10.54,0.007367,6.677,0.03853,15.48,1.603,0.2481
219,0.0039904055,99.5366,53.26,1.448,0.02202,0.0036564,10.45,0.0298,4.451,0.9,14.44,0.4572,0.0775
220,0.17304845,50.6526,88.9,32.33,0.6132,-0.5519528,141.6,10.72,104.4,0.7959,27840.0,5.0084,14.9963
221,0.0029576869,95.9142,88.54,1.789,0.0161,0.1079876,1.658,0.005295,85.1,0.05975,10.11,4.0393,1.0774
222,0.0087621695,98.3487,18.54,2.722,0.03413,0.3721792,10.49,0.9245,5.001,0.9907,47.83,1.592,0.2415
223,0.0057011927,99.6178,35.31,5.339,0.03413,0.3721792,7.585,0.195,3.797,0.9217,27.66,0.3665,0.0749
224,0.0049848665,35.6287,85.83,6.68,0.03768,-0.1112874,3.753,0.0347,3.907,0.213,29.66,61.7153,73.1509
225,0.0057014658,99.4687,75.91,1.479,0.01885,0.2470494,8.528,0.01614,5.143,0.6953,33.63,0.4939,0.0775
226,0.0056711263,80.5413,84.64,1.978,0.05,-0.0180578,16.91,0.02176,4.207,0.7,33.12,14.7859,11.3207
227,0.0076111726,4.5635,89.9,4.378,1.745,-0.0180578,2.508,0.1269,10.33,0.8631,54.13,92.4554,98.6792
228,0.0039323057,25.0675,87.62,1.359,0.0315,-0.0180578,11.32,0.005846,7.292,0.3,17.31,63.3729,77.0771
229,0.01805879,11.3438,89.98,7.5,1.168,-0.0180578,-1.0,0.1344,28.68,0.1,372.4,82.5857,96.0893
230,0.01002215,96.192,88.27,2.534,0.01933,0.245988,18.26,0.02528,4.313,0.0732,117.4,3.6729,0.9521
231,0.0079066073,99.453,82.85,2.439,0.01933,0.245988,11.51,0.021,3.901,0.2991,71.9,0.5377,0.0777
232,0.010885436,92.8988,87.91,1.5,0.01481,0.245988,-1.0,0.01631,4.028,0.1,137.8,6.6369,2.1199
233,0.01632451,4.9671,89.29,13.17,0.264,0.005101,33.64,0.2299,8.363,0.2849,313.8,0.7297,0.6498
234,0.021551361,97.991,89.14,2.908,0.07084,-0.4821652,22.27,0.06728,4.627,0.3,566.9,0.2489,0.1147
235,0.0061835138,70.6521,60.17,1.838,0.01949,0.1314158,13.68,0.05795,15.79,0.9,32.91,24.7297,21.12
236,0.023999037,6.482,89.98,3.563,0.4816,-0.0157966,20.58,0.08401,7.094,0.07766,689.8,0.7163,0.8134
237,0.0044103648,8.2538,34.9,3.19,0.02575,-0.0175144,2.318,0.07542,7.189,0.9044,16.97,91.7334,98.0851
238,0.008284287,4.7776,73.18,1.598,0.01939,-0.0175144,9.365,0.02522,4.022,0.6953,71.05,94.9262,98.7849
239,0.011202904,17.1466,89.53,2.766,0.06016,-0.0175144,6.676,0.03086,3.31,0.08522,146.4,79.5371,94.5103
240,0.36709058,63.3947,88.26,3.5,0.02051,0.010506,-1.0,0.9471,1114.0,0.1,158600.0,33.7763,29.154
241,0.022862921,2.0329,89.82,12.18,1.065,0.178762,6.563,0.4319,6.655,0.6146,564.6,94.3871,98.7831
242,0.0084233089,12.5404,83.73,14.51,0.06377,0.178762,7.812,0.1334,2.82,0.3028,82.4,85.86,96.8912
243,0.0058186644,98.6191,81.89,3.327,0.02451,0.3203576,9.563,0.02146,5.915,0.3223,38.56,1.3563,0.135
244,0.5392722,98.6715,89.43,7.398,0.2167,0.075732,2285.0,4.07,902.0,0.6994,233100.0,0.0708,0.0069
245,0.55052075,94.7729,89.6,3.776,0.2167,0.075732,1099.0,3.563,536.9,0.8884,164600.0,1.7916,0.6586
246,0.002604698,95.7693,46.46,3.905,0.03072,-0.0058382,13.48,0.03791,14.93,0.8569,6.387,4.1936,1.1308
247,0.0023772773,97.3891,16.3,2.669,0.03072,-0.0058382,7.309,0.07981,10.15,0.9607,4.545,2.5364,0.5938
248,0.00935007,85.348,87.03,1.176,0.01405,-0.4754752,24.88,0.01128,11.13,0.1843,107.3,10.8153,6.1597
249,0.013843425,3.8198,89.71,6.894,0.1266,0.192669,10.17,0.09506,5.533,0.09944,227.8,0.5839,0.5173
250,0.014759768,80.7489,81.79,1.05,0.01196,-0.2250274,16.5,0.02029,9.159,0.5006,245.1,15.3985,11.9795
251,0.187377,66.1546,72.63,1.073,0.01308,-0.2420112,58.71,0.5941,6.521,0.8996,21920.0,13.4366,15.094
252,0.018775285,31.3809,86.76,4.847,0.06848,0.13474,30.76,0.1183,6.929,0.4992,395.4,0.3258,3.2627
253,0.014191885,87.9831,88.74,12.5,0.08943,0.312628,6.752,0.1767,5.362,0.1,233.4,11.9073,7.003
254,0.01988002,16.8561,87.56,15.51,0.142,0.312628,9.768,0.3316,4.525,0.3001,451.3,79.6244,94.6056
255,0.019352496,87.8871,75.48,15.04,0.08944,0.312628,12.19,0.5455,5.285,0.697,388.9,11.4065,6.4586
256,0.020379834,22.3796,87.24,5.0,0.0287,0.312628,-1.0,0.1009,6.993,0.1,481.0,76.8905,91.5675
257,0.031344766,2.1871,89.97,10.46,1.403,0.2852668,8.64,0.3334,16.89,0.2186,1148.0,95.7956,98.7679
258,0.063952499,69.6312,86.66,3.479,0.1754,-0.4791434,51.86,1.74,23.01,1.0,1206.0,6.1274,11.0113
259,0.0044814908,3.3373,68.06,8.244,0.03852,0.376271,6.946,0.06632,4.416,0.6689,21.15,96.4623,98.8828
260,0.25877756,65.8545,84.78,0.5059,0.01533,-0.2420112,323.0,0.2889,48.5,0.8678,27800.0,7.833,14.0338
261,0.0064310577,52.2927,63.24,5.249,0.01993,-0.2161756,11.44,0.04717,4.693,0.5392,46.48,47.2141,43.8666
262,0.0075587299,80.7238,83.54,4.116,0.017,-0.3446514,7.949,0.03215,4.34,0.1998,70.15,18.9595,15.0733
263,0.0059758623,99.1392,84.76,1.615,0.01858,-0.340044,12.18,0.01048,7.462,0.2915,41.3,0.8012,0.0847
264,0.0052586692,99.7299,48.52,1.709,0.01858,-0.340044,8.848,0.04851,3.815,0.9055,23.68,0.2517,0.0684
265,0.0051360164,99.2383,69.82,5.775,0.03232,-0.095478,10.81,0.05637,14.25,0.6921,27.68,0.7398,0.0823
266,0.0050133436,98.7005,62.79,7.487,0.03232,-0.095478,11.76,0.07288,4.52,0.7,26.26,1.2808,0.1206
267,0.011748558,6.9255,88.46,1.06,0.06492,0.1163188,10.34,0.02872,5.784,0.7602,136.6,1.005,0.8729
268,0.0110119,94.5758,85.23,0.717,0.01475,0.146332,13.59,0.01027,4.377,0.4925,131.5,3.9943,1.0806
269,0.011106121,1.7322,89.97,2.763,1.2,0.2539984,2.059,0.0426,31.51,0.5391,136.4,97.2192,98.7606
270,0.0060616598,98.3879,79.18,0.9114,0.01479,0.0583084,9.341,0.01119,8.363,0.7159,37.2,1.3428,0.1326
271,0.0053195396,97.7455,78.41,1.023,0.01479,0.0583084,8.104,0.01051,4.752,0.6983,29.06,1.5803,0.2403
272,0.0052251514,98.4254,88.24,3.041,0.01885,0.2470494,11.17,0.01586,3.871,0.05874,31.77,1.5526,0.2178
273,0.0095945665,16.3513,87.76,6.769,0.2237,0.173827,8.166,0.2538,4.915,0.8681,83.53,10.6691,10.1223
274,0.011134166,99.1042,46.15,6.703,0.03832,0.1292276,16.39,0.3385,5.91,0.8891,109.9,0.7996,0.0847
275,0.0041907802,3.1954,66.7,15.38,0.05283,0.367754,7.371,0.1001,8.77,0.6003,18.97,96.6457,98.8853
276,0.015945403,99.3832,83.51,4.649,0.04849,0.2376302,8.788,0.09726,4.964,0.5036,282.1,0.542,0.0777
277,0.019235934,93.0364,89.38,2.368,0.04849,0.2376302,11.22,0.04522,4.284,0.1094,430.7,3.9452,1.0862
278,0.016827383,16.1198,89.7,17.94,0.6008,0.005101,18.13,0.3264,6.469,0.3028,332.6,3.785,6.6253
279,0.018069765,21.3252,89.34,2.247,0.101,-0.5610216,7.761,0.05252,4.564,0.495,382.2,26.9008,21.631
280,0.0050261929,6.3402,89.0,3.626,0.01844,0.2672764,9.802,0.01815,6.199,0.02765,29.4,93.581,98.4568
281,0.0044784857,99.1484,86.31,2.688,0.02594,0.1995944,9.775,0.01262,6.475,0.2248,23.33,0.8173,0.0854
282,0.0039458251,98.128,89.24,4.735,0.02594,0.1995944,10.05,0.01862,6.415,0.02704,18.31,1.8439,0.3739
283,0.0114793,1.3199,85.32,3.952,0.1162,-0.108268,16.79,0.2567,7.393,0.9135,109.5,0.0584,0.0006
284,0.0054903704,4.8248,88.35,3.646,0.02851,0.3011632,8.951,0.02009,4.563,0.09555,35.42,94.4147,98.684
285,0.0051923188,94.6546,88.2,1.468,0.01602,0.2607352,10.62,0.007658,12.81,0.1002,31.21,5.0151,1.4188
286,0.0037647039,98.3461,78.5,2.067,0.01602,0.2607352,6.081,0.009332,4.08,0.4122,15.96,1.555,0.22
287,0.0061611512,16.0206,67.29,1.698,0.02543,0.2607352,9.615,0.05891,4.914,0.9102,32.84,81.4855,95.2862
288,0.012789401,95.9101,88.79,1.07,0.01482,-0.448044,11.26,0.01365,6.192,0.1024,199.1,1.0986,0.2296
289,0.0066742163,99.7796,75.18,2.109,0.02451,0.3203576,10.36,0.02724,4.661,0.7,46.08,0.1956,0.0688
290,0.12684059,88.4032,89.45,1.5,0.02975,-0.3100172,-1.0,0.1704,46.14,0.1,19390.0,6.5331,2.2165
291,0.35290662,92.5925,82.26,3.109,0.02794,-0.048872,3155.0,1.335,443.6,0.7033,116900.0,4.3081,1.2145
292,0.11080142,71.3036,88.52,2.0,0.0176,-0.048872,-1.0,0.2013,109.2,0.1,14680.0,24.2333,20.6445
293,0.16680802,59.8876,88.54,6.378,0.2897,0.0290326,547.5,38.72,155.5,0.999,10520.0,0.4666,3.9799
294,0.021363161,1.7679,89.44,9.547,0.352,0.1424056,23.09,0.2722,8.151,0.5216,509.6,0.1395,0.2031
295,0.020171406,1.1478,89.85,9.721,1.113,0.004538,3.98,0.3631,21.33,0.6928,426.3,96.9394,98.7657
296,0.012316738,6.9833,88.05,10.36,0.3726,0.1004376,15.9,0.5828,5.552,0.8905,133.4,1.6844,2.113
297,0.0053100645,38.4806,67.88,4.741,0.01769,0.1512666,10.82,0.03197,4.501,0.4667,31.92,57.9313,65.1371
298,0.0042708631,10.7221,20.92,3.514,0.02459,0.1680168,7.676,0.1207,4.378,0.938,14.64,84.9159,97.1264
299,0.0094177022,31.6407,87.15,3.5,0.01652,0.7353056,-1.0,0.03298,5.533,0.1,103.9,67.1645,81.4289
300,0.02468492,29.9982,58.08,4.612,0.06733,-0.3372288,29.59,2.306,11.04,0.9998,188.2,64.0816,75.8687
301,0.0079862044,24.6525,88.31,3.374,0.04241,-0.3372288,13.41,0.02751,4.889,0.1689,75.03,73.1191,89.3829
302,0.0048750981,14.8516,87.63,2.62,0.02039,-0.3372288,11.48,0.01285,4.443,0.1024,28.03,84.4597,96.024
303,0.0046125964,19.2208,49.08,11.37,0.04025,-0.0087966,9.026,0.1319,5.111,0.7791,21.05,80.3288,93.9206
304,0.0045298895,12.6768,40.44,1.791,0.01765,0.3209376,7.811,0.04389,7.634,0.9053,18.05,86.6371,96.9138
305,0.0040263511,6.0544,37.53,6.869,0.05127,0.2282022,7.912,0.2277,4.391,0.9394,13.36,93.425,98.492
306,0.44359754,99.9058,89.84,5.0,0.12,-0.4176172,-1.0,1.548,1602.0,0.1,280800.0,0.0911,0.0683
307,0.010301471,8.9173,88.78,2.511,0.01915,0.2860326,5.206,0.02566,5.326,0.04901,122.4,90.8929,97.9643
308,0.017257361,97.1301,37.92,3.034,0.02237,0.2860326,9.245,0.2508,4.089,0.8989,265.7,2.8135,0.6789
309,0.0082239727,99.6282,87.25,3.5,0.02237,0.2860326,-1.0,0.02884,4.364,0.1,77.97,0.3501,0.0742
310,0.022295173,77.2632,61.55,3.549,0.02494,-0.527274,14.53,0.4045,7.268,0.9086,387.6,3.2979,8.779
311,0.023003453,5.6038,84.98,1.726,0.04569,-0.5630412,12.41,0.1452,8.023,0.8653,447.6,0.4616,0.7175
312,0.022572364,19.7677,89.86,1.108,0.06875,-0.5630412,10.25,0.02484,2.964,0.126,641.0,5.4941,8.1018
313,0.029004871,1.8642,88.18,6.096,0.239,-0.1057132,14.49,0.728,5.788,0.8859,733.5,0.0819,0.0965
314,0.013728534,21.7568,88.0,4.404,0.08785,-0.1057132,8.006,0.07972,3.106,0.5053,213.3,8.3207,11.2482
315,0.0076370259,12.3486,60.19,1.458,0.02339,-0.413932,8.696,0.05627,15.46,0.8998,47.42,86.4368,96.9738
316,0.015280628,0.8875,89.53,4.357,0.08428,-0.0904642,23.06,0.06663,5.599,0.1269,280.0,0.038,0.0
317,0.0084312056,16.7583,81.88,3.642,0.04769,-0.0904642,8.252,0.06813,3.324,0.7468,71.94,9.9962,10.0088
318,0.015112573,2.8601,89.86,14.31,1.122,0.375359,3.816,0.2735,10.45,0.4739,255.3,93.7062,98.77
319,0.013360273,16.6981,82.9,3.12,0.05039,-0.0047986,11.11,0.1071,4.522,0.79,174.7,2.2096,5.7146
320,0.34715525,97.3959,79.78,6.399,0.03494,-0.2797076,5352.0,2.499,679.2,0.6555,122900.0,1.528,0.2127
321,0.0093774173,64.0339,89.84,4.058,0.04122,0.3316514,22.53,0.03771,5.258,0.01356,102.8,10.6144,16.2532
322,0.0066822812,13.0248,89.83,5.602,0.05202,0.3316514,9.54,0.0372,4.139,0.01543,52.22,85.428,96.7143
323,0.0075474877,98.3411,86.35,7.424,0.03832,0.1292276,10.96,0.05692,3.577,0.1525,66.98,1.1659,0.1074
324,0.0086363129,0.5636,89.87,11.73,1.05,-0.4756236,1.979,0.1338,147.3,0.5015,90.79,98.6836,99.2145
325,0.0052332267,4.7452,43.57,1.909,0.01895,0.312597,12.01,0.0512,10.32,0.9,24.05,95.0675,98.7899
326,0.0059407367,6.8604,15.76,2.059,0.02291,0.312597,10.24,0.1541,5.091,0.9625,26.76,93.0851,98.3498
327,0.029334193,98.9122,22.59,5.531,0.04849,0.2376302,12.95,8.82,4.559,0.9974,306.3,1.0043,0.0951
328,0.019940053,96.9619,88.94,7.645,0.04849,0.2376302,14.77,0.15,4.844,0.05758,464.7,2.5988,0.6151
329,0.0056433005,9.1226,85.93,3.849,0.0183,-0.0290546,10.6,0.02176,4.497,0.085,36.49,89.6588,97.788
330,0.019437671,11.4735,8.607,1.245,0.02179,-0.0290546,14.0,1.635,4.712,0.9975,145.8,87.8281,97.2799
331,0.0081806885,7.3088,13.38,2.63,0.02662,0.2672764,9.492,0.352,4.59,0.9729,48.88,92.4796,98.2574
332,0.019339173,0.4768,87.84,3.125,0.09082,-0.2202508,19.57,0.1142,5.951,0.7,390.2,0.0,0.0
333,0.0030497176,98.5138,83.21,3.533,0.031,0.08114,12.87,0.0121,8.248,0.3352,10.63,1.4296,0.1567
334,0.003160693,97.1851,66.2,5.069,0.03101,0.08114,10.28,0.02739,3.811,0.6466,10.61,1.9119,0.404
335,0.023096374,98.6051,86.66,2.344,0.06071,0.1541416,36.86,0.1177,8.883,0.7502,537.7,0.5786,0.0854
336,0.022186952,95.7003,89.14,2.251,0.06071,0.1541416,41.47,0.05303,9.742,0.2835,574.7,1.4224,0.3068
337,0.0034600424,99.0283,50.07,3.918,0.03077,0.057572,10.02,0.05302,5.528,0.8647,11.03,0.9182,0.0903
338,0.010462405,97.4993,78.47,1.815,0.01482,-0.448044,9.384,0.0249,3.69,0.4981,125.8,1.7995,0.3615
339,0.0057327999,6.0574,87.55,5.861,0.0302,0.3447604,9.928,0.03374,9.136,0.1002,38.52,93.9222,98.5209
340,0.0038699973,4.2476,21.68,1.483,0.01345,0.3447604,4.49,0.04442,5.095,0.9352,12.27,95.6458,98.8338
341,0.055515737,6.339,90.0,12.17,1.162,-0.5548692,8.524,0.64,21.62,0.0009928,3948.0,86.5924,97.1977
342,0.010554722,93.459,79.32,4.566,0.02974,-0.0397928,20.31,0.0635,8.651,0.5015,125.9,5.1271,1.4805
343,0.0097109071,10.6316,66.86,4.218,0.02704,0.2672506,6.287,0.08161,38.91,0.7125,97.31,89.3044,97.6191
344,0.02551726,15.1559,87.37,2.5,0.01703,0.2672506,-1.0,0.06282,7.425,0.1,760.0,84.5998,96.0758
345,0.0097063896,14.3784,75.74,1.83,0.01567,0.2772248,8.546,0.02405,4.78,0.5209,103.4,84.1982,96.1557
346,0.030723582,13.396,87.4,3.45,0.1154,-0.2930224,101.8,0.3599,20.59,0.8574,848.2,0.2242,1.2963
347,0.0051044685,15.5115,60.62,11.26,0.04079,0.3473324,10.07,0.1149,7.222,0.7103,26.95,83.2582,95.6496
348,0.026803145,98.3261,87.9,2.911,0.09433,-0.1703668,34.9,0.1549,9.978,0.723,738.0,0.1513,0.0953
349,0.022918097,14.6248,87.83,1.5,0.01451,-0.3372288,-1.0,0.03394,7.549,0.1,616.5,85.0889,96.3029
350,0.023675414,90.5989,58.92,3.246,0.03323,-0.5562664,34.63,0.3634,5.605,0.9006,441.0,5.1446,1.5464
351,0.35836239,87.0399,89.97,4.571,0.02411,-0.445804,511.3,1.206,80.17,0.001521,157200.0,3.5438,3.4822
352,0.0085771423,87.749,89.9,3.38,0.3044,0.3260104,10.38,0.0297,6.632,0.1798,84.91,5.1822,2.4618
353,0.57714191,99.7469,86.35,11.11,0.12,-0.4176172,4608.0,11.48,953.4,0.9019,175100.0,0.0336,0.0
354,0.10505692,93.7366,89.94,1.5,0.12,-0.4176172,-1.0,0.1439,49.21,0.1,13470.0,5.8245,1.7478
355,0.0068940608,69.495,82.38,1.576,0.01841,0.1651544,5.892,0.01436,7.605,0.5,52.97,26.001,22.3374
356,0.01117214,99.4784,87.56,2.972,0.03174,0.0956848,24.89,0.03442,5.138,0.2153,147.0,0.1212,0.0616
357,0.0048598356,76.9354,87.5,4.669,0.03778,-0.1816922,19.39,0.02299,4.887,0.1346,27.7,8.7878,8.3943
358,0.1381621,75.8905,88.43,4.5,0.04535,-0.0137816,-1.0,0.5511,2131.0,0.1,21340.0,20.7038,16.9886
359,0.011979903,13.2462,58.05,1.31,0.0218,-0.0137816,6.361,0.07782,8.212,0.9,130.7,85.9589,96.6757
360,0.0068347389,89.0631,52.16,4.412,0.02555,-0.2633706,11.27,0.1552,8.82,0.9013,36.97,6.4494,2.1557
361,0.028694694,2.5394,89.61,4.622,0.1353,-0.2377624,27.73,0.1348,7.882,0.2119,993.0,0.2906,0.32
362,0.007589408,13.7515,89.87,2.132,0.08114,0.176988,8.081,0.01615,6.821,0.07399,68.28,21.885,16.1867
363,0.018293701,1.5803,84.85,4.037,0.1077,0.0030384,11.48,0.4868,7.235,0.9304,268.3,0.1095,0.1845
364,0.0057240875,5.5964,34.65,7.486,0.03729,0.375359,6.56,0.2196,3.544,0.9003,28.84,94.2997,98.6223
365,0.0060674227,4.3509,83.65,3.564,0.0223,0.375359,12.16,0.02298,3.894,0.2552,42.53,95.5629,98.8264
366,0.0038209966,25.7806,35.14,2.193,0.01375,0.3197908,13.59,0.03131,7.033,0.858,13.48,73.3058,88.671
367,0.013925397,6.8787,85.56,8.043,0.09752,-0.3064888,12.38,0.196,5.196,0.6652,207.2,1.9428,2.352
368,0.058699881,33.1904,88.83,12.54,0.4237,0.1169808,50.14,1.695,21.21,0.7885,3385.0,0.3549,3.3891
369,0.03143964,6.5775,89.97,2.881,1.092,-0.3913418,5.081,0.1388,12.97,0.6154,1084.0,92.7402,98.3196
370,0.016757394,16.0557,89.3,1.771,0.04286,0.164734,10.31,0.03126,9.609,0.2599,333.3,1.9159,5.2375
371,0.017576721,6.461,89.73,11.34,0.8097,0.1261924,8.474,0.3269,10.45,0.6385,331.3,83.92,95.5682
372,0.0014066421,9.5972,30.04,2.024,0.01885,-0.035066,2.03,0.01608,13.15,0.9079,1.722,90.2657,97.8366
373,0.0098423883,99.0255,23.0,4.194,0.02824,0.3426724,9.637,0.2881,5.122,0.9307,80.78,0.9715,0.0931
374,0.0092551094,99.1721,65.6,4.581,0.02824,0.3426724,11.31,0.08278,3.952,0.705,88.69,0.8029,0.0848
375,0.018040219,23.6949,81.37,2.235,0.05025,-0.4067278,20.31,0.2559,6.471,0.9271,251.7,0.7255,2.6309
376,0.012980657,11.5451,89.75,0.9989,0.08821,-0.0505132,7.997,0.01405,5.866,0.3,194.8,72.0475,89.1069
377,0.023433208,11.112,85.39,1.767,0.04875,-0.5645778,15.88,0.1502,31.86,0.8643,466.8,2.2763,3.957
378,0.01294172,23.4913,86.34,1.54,0.01752,-0.5645778,13.82,0.02159,4.459,0.2993,207.4,2.8595,8.8438
379,0.021195328,1.4116,87.71,3.496,0.1515,-0.142368,22.2,0.3674,6.251,0.9048,377.1,0.0325,0.0
380,0.0023459377,96.9643,61.06,5.25,0.031,0.08114,9.609,0.02404,5.484,0.7,5.712,2.6414,0.6279
381,0.0042042034,14.3565,56.82,6.178,0.04206,0.3137806,6.405,0.1034,6.607,0.8677,16.31,85.1231,96.3367
382,0.11025855,27.6851,88.03,1.775,0.02378,0.0943,220.3,0.2243,43.49,0.4856,13870.0,1.6389,8.2263
383,0.0027913583,98.4088,15.35,2.806,0.03077,0.057572,5.542,0.111,4.122,0.9655,5.864,1.5443,0.213
384,0.0025804646,6.5538,37.03,2.927,0.02465,-0.0411284,9.431,0.03967,8.001,0.9012,5.858,92.5013,98.2916
385,0.0071862659,18.3868,88.27,1.999,0.02252,0.0530112,6.682,0.01441,6.014,0.1017,58.3,81.2174,94.4372
386,0.0056735426,96.8697,75.86,2.501,0.02058,0.0530112,4.283,0.01878,4.159,0.5001,34.97,3.121,0.7781
387,0.0099875097,16.9141,86.85,6.008,0.02161,0.0068112,9.762,0.06017,10.6,0.113,121.9,82.1381,94.963
388,0.01446766,21.0356,83.12,12.33,0.04068,0.0068112,10.62,0.1929,4.245,0.2993,250.8,77.2132,92.3644
389,0.025260872,1.3164,89.81,15.58,1.274,-0.5666132,3.222,0.6064,44.26,0.6131,716.7,97.1139,98.7732
390,0.013300459,4.9548,89.85,8.192,1.013,0.2077562,6.419,0.1933,9.156,0.6705,186.9,90.2847,98.4086
391,0.015357115,24.476,89.99,9.482,0.4672,-0.51022,10.48,0.1434,131.7,0.01171,321.1,58.1212,74.2934
392,0.013184951,1.6948,89.98,5.016,0.1013,-0.1278366,9.274,0.06528,5.015,0.008838,211.7,0.1562,0.1959
393,0.28755379,79.4957,87.91,2.913,0.08173,-0.2420112,93.86,1.444,16.77,0.8138,65790.0,0.728,2.5362
394,0.027296793,95.2851,81.03,3.799,0.09433,-0.1703668,18.74,1.786,6.707,0.9815,418.1,0.6623,0.2983
395,0.35626574,99.6743,87.92,5.402,0.08248,0.1678752,10510.0,1.835,2301.0,0.5384,137100.0,0.0101,0.0
396,0.091397335,96.0605,83.75,5.138,0.08248,0.1678752,820.8,1.529,131.8,0.8798,7363.0,0.0336,0.0
397,0.020739064,94.2561,89.36,4.103,0.06995,-0.5188372,28.41,0.08598,16.37,0.1758,553.4,2.3273,0.776
398,0.033409911,92.0904,80.94,11.49,0.1543,-0.5471016,16.29,1.332,12.91,0.8624,960.8,4.5503,1.3037
399,0.044733742,89.9686,89.95,28.79,0.1543,-0.5471016,22.53,1.233,6.118,0.00334,2575.0,5.6669,1.7768
400,0.020846307,73.2822,76.8,5.72,0.0296,-0.45845,10.97,0.1568,4.76,0.5099,500.2,13.1199,10.4402
401,0.0053216718,89.7562,60.85,4.825,0.02668,-0.543268,11.38,0.08079,5.549,0.8292,25.96,7.6789,2.8102
402,0.088170465,42.3518,89.88,21.34,0.7577,-0.0159422,498.2,1.781,141.3,0.1776,9230.0,9.296,19.8123
403,0.0082903903,3.8539,88.33,3.77,0.1004,-0.0159422,21.21,0.04312,4.571,0.5323,76.71,0.1604,0.4033
404,0.0040729588,35.5651,87.29,8.467,0.04622,-0.4808308,6.184,0.03477,8.705,0.1114,20.83,63.2416,74.5954
405,0.011715687,73.9206,80.0,4.393,0.02769,0.618642,10.03,0.06772,4.877,0.5018,152.6,13.8128,10.5541
406,0.012746082,84.6089,23.12,2.754,0.02786,0.6172916,22.73,1.326,6.414,0.9917,88.77,7.6333,3.1424
407,0.021631746,96.1028,86.19,4.295,0.0274,-0.5536092,20.88,0.0956,6.373,0.2229,592.3,1.4923,0.3026
408,0.010106596,55.6805,89.76,3.321,0.02857,-0.5373214,12.48,0.03324,16.15,0.01864,133.5,18.7562,19.8343
409,0.0099845272,98.7103,38.85,2.233,0.01822,0.3804644,7.521,0.1116,4.992,0.9,88.38,1.2741,0.1196
410,0.013216169,97.5403,87.98,2.0,0.01822,0.3804644,11.51,0.02635,3.967,0.1,201.8,2.4127,0.5588
411,0.028892709,15.8459,23.25,2.305,0.02461,0.3804644,10.75,1.664,2.725,0.9898,403.8,82.721,95.4715
412,0.010745813,6.2889,88.33,2.671,0.01933,0.3012972,16.11,0.02852,5.5,0.06538,133.5,93.5825,98.468
413,0.013240821,0.9519,86.61,1.825,0.04703,-0.2758836,37.84,0.04491,9.58,0.6893,183.5,0.0328,0.0
414,0.0077383099,20.1516,87.75,15.95,0.1788,0.3177112,9.752,0.1503,12.05,0.4324,67.71,56.5023,75.3676
415,0.023604763,1.9347,90.0,5.881,1.208,-0.5313366,3.521,0.1356,10.39,0.008502,707.8,92.3559,98.4521
416,0.0077104397,99.2083,88.03,3.858,0.03055,-0.098889,9.256,0.03005,4.395,0.134,71.51,0.699,0.0809
417,0.0069777795,98.7174,78.02,5.845,0.04381,0.3994866,12.92,0.07559,4.829,0.6837,51.01,1.1772,0.108
418,0.0053128901,96.7703,88.16,7.548,0.0438,0.3994866,9.939,0.04038,3.714,0.111,33.22,1.8314,0.3783
419,0.015280328,16.8006,76.45,1.979,0.01694,-0.0188868,23.04,0.03951,6.388,0.5,259.5,81.4507,94.9499
420,0.023312685,13.5719,17.84,6.367,0.04756,-0.0188868,16.62,2.613,3.708,0.9809,351.7,84.9221,96.4956
421,0.012407969,9.8431,68.99,1.47,0.01489,-0.0188868,9.353,0.03507,4.597,0.7016,158.9,89.8352,97.7829
422,0.0046225036,14.3075,76.77,2.168,0.01594,-0.2666456,11.93,0.0122,8.384,0.4276,24.25,85.3052,96.4211
423,0.016368054,7.3072,87.47,3.18,0.1075,-0.142368,18.81,0.1543,5.133,0.8239,253.0,0.7288,0.9038
424,0.01463272,10.4607,89.95,4.742,0.3797,-0.142368,9.097,0.06937,3.723,0.1202,258.2,5.1498,4.6266
425,0.0060089458,98.9688,62.18,1.486,0.02298,0.0305616,2.423,0.04953,6.11,0.9086,32.62,0.975,0.0934
426,0.02545847,1.0034,89.63,3.778,0.135,-0.1247116,17.28,0.1003,5.881,0.2573,774.2,0.0769,0.029
427,0.42902683,99.711,89.04,12.14,0.3364,-0.4160606,1306.0,11.06,432.2,0.9048,101300.0,0.017,0.0
428,0.37139179,99.1345,88.79,13.62,0.3364,-0.4160606,955.7,13.29,334.8,0.9264,72550.0,0.0405,0.0
429,0.010408194,1.4155,87.7,2.968,0.04183,0.0347432,21.4,0.03359,5.368,0.3008,126.9,0.2023,0.1689
430,0.0087662594,99.0415,87.83,3.074,0.02058,0.0530112,10.8,0.02686,5.009,0.07268,86.97,0.9114,0.0899
431,0.0094269433,1.4755,89.9,7.001,1.003,0.1558324,5.513,0.1337,83.39,0.7181,92.01,97.4922,98.7768
432,0.0087343277,95.6094,88.59,3.077,0.02316,0.6118956,7.681,0.02684,12.89,0.08505,89.1,3.9952,1.0667
433,0.015847057,25.9681,82.5,1.5,0.02049,0.3064908,13.88,0.03104,5.121,0.5,276.0,71.2308,87.8861
434,0.028263475,23.1736,66.61,10.45,0.1124,0.3064908,11.04,4.901,4.611,0.9808,499.3,67.9577,82.1213
435,0.013809229,10.8362,28.23,2.893,0.01936,0.3064908,12.88,0.178,3.333,0.8883,171.9,88.7398,97.5526
436,0.0096151824,18.2524,89.87,5.431,0.02958,0.3277282,11.87,0.05173,4.844,0.004738,107.7,80.1788,94.1641
437,0.018791025,24.9479,42.12,1.758,0.01201,-0.570424,12.84,0.1587,15.53,0.9,277.2,71.4502,88.2727
438,0.36008371,95.3439,81.26,6.963,0.05977,-0.5495616,815.1,2.712,109.3,0.6383,134100.0,2.0517,0.5681
439,0.024296633,72.8077,89.63,4.21,0.1243,-0.5629646,11.16,0.1047,4.793,0.2183,747.5,5.7577,9.9214
440,0.024889735,44.1625,86.91,3.956,0.07828,-0.5629646,8.955,0.1924,3.499,0.7162,639.3,22.1437,24.3316
441,0.0081559864,29.5585,76.23,3.176,0.04513,0.2747944,7.696,0.1175,5.805,0.8874,59.25,58.1546,67.5375
442,0.061590511,88.0205,88.78,2.384,0.04416,-0.2420112,117.0,0.1463,61.44,0.2399,4540.0,1.9513,2.9969
443,0.023367904,93.8776,81.58,2.061,0.04417,-0.2420112,14.14,0.2249,3.578,0.899,458.9,2.4148,0.854
444,0.0086669033,13.5116,34.59,16.55,0.08832,-0.2240176,12.07,1.354,12.56,0.9499,58.81,83.1339,96.3505
445,0.0046229444,90.7057,78.86,4.922,0.02602,0.775099,12.69,0.02998,4.971,0.4957,23.82,5.955,1.8811
446,0.038371639,80.7194,62.35,3.882,0.02696,-0.5409756,21.77,0.6526,5.373,0.8986,1163.0,2.3385,6.7665
447,0.0062473162,97.356,86.31,4.801,0.0388,0.244536,8.131,0.03196,7.587,0.2605,45.45,2.451,0.5703
448,0.0058061623,94.864,89.16,9.011,0.03879,0.244536,8.534,0.05207,5.23,0.03255,39.81,5.0585,1.4301
449,0.0077777265,20.1046,73.93,2.868,0.02445,0.244536,7.69,0.04308,4.7,0.7,62.83,76.4901,92.5722
450,0.033255624,4.5203,89.52,3.167,0.2316,-0.5446226,58.03,0.202,22.61,0.7151,1142.0,0.0946,0.4357
451,0.027028524,2.6024,90.0,3.529,1.324,-0.5373214,4.799,0.09288,10.49,0.005306,953.9,93.5507,98.7609
452,0.011405632,98.7632,57.6,3.915,0.02825,-0.3425542,18.8,0.2272,9.946,0.9026,107.7,0.7472,0.0827
453,0.011810357,92.2133,89.84,4.006,0.02769,0.0962728,22.18,0.04677,5.786,0.01013,167.2,1.8026,1.3011
454,0.012413919,95.7587,89.95,4.222,0.02552,-0.4764592,20.98,0.05177,8.396,0.00279,199.3,2.9714,0.7393
455,0.012129782,97.3398,82.69,3.25,0.02717,0.3012972,12.24,0.04491,3.558,0.3667,166.2,2.6077,0.6148
456,0.011542861,98.2656,87.23,3.035,0.02717,0.3012972,10.64,0.03551,3.366,0.158,153.6,1.5358,0.2093
457,0.0023907764,21.0439,85.3,1.92,0.02542,-0.012968,8.428,0.005063,10.81,0.3095,6.39,77.2671,92.3683
458,0.018791456,4.8974,89.32,3.526,0.04777,-0.1540404,22.77,0.0657,4.686,0.102,426.4,0.3424,0.6392
459,0.017536955,99.1625,73.94,0.9813,0.01674,-0.5596424,15.47,0.08479,7.761,0.9022,235.6,0.3233,0.0727
460,0.0098223781,97.161,81.24,1.069,0.01674,-0.5596424,7.072,0.02034,5.395,0.7023,98.6,0.7628,0.16
461,0.019314081,81.664,89.68,3.239,0.107,-0.045825,12.85,0.06294,9.014,0.1593,444.4,8.8974,4.678
462,0.5,99.6977,89.87,3.0,0.09775,-0.2621848,-1.0,1.007,1358.0,0.1,328200.0,0.2461,0.0679
463,0.53540979,98.1105,87.18,7.873,0.09775,-0.2621848,4575.0,4.882,894.6,0.7619,206400.0,0.5745,0.1102
464,0.0043618474,96.6678,26.9,5.779,0.02769,0.2383904,7.345,0.1232,5.154,0.8943,16.72,3.2736,0.8235
465,0.0055530339,97.9794,47.41,9.4,0.02769,0.2383904,13.82,0.0956,3.571,0.6779,32.44,1.7961,0.3566
466,0.0068801615,98.2286,83.34,14.58,0.07674,0.2592354,10.4,0.1197,6.016,0.411,54.02,1.7059,0.3104
467,0.27679661,75.4315,89.95,5.299,0.5953,-0.0173332,680.0,1.218,339.0,0.2647,89520.0,0.8506,2.9932
468,0.029022377,52.5346,89.92,7.596,0.5953,-0.0173332,11.39,0.2257,6.626,0.2284,998.0,0.8342,6.9299
469,0.021857476,2.7586,82.13,5.967,0.09077,-0.1516328,24.64,0.5528,6.579,0.8861,415.6,0.6127,0.3879
470,0.012851832,23.2926,77.55,3.867,0.05417,-0.1516328,10.19,0.2483,3.528,0.9013,139.8,6.9884,10.4244
471,0.010540778,99.25,82.48,1.589,0.02298,0.0305616,8.651,0.0217,4.741,0.4886,119.7,0.7005,0.081
472,0.011033475,99.1034,71.96,1.045,0.02298,0.0305616,6.778,0.05903,4.207,0.903,110.1,0.7785,0.0838
473,0.0041077853,98.1232,86.91,6.884,0.0472,0.1656556,13.78,0.02891,27.98,0.1611,19.5,1.8521,0.3767
474,0.0036551399,96.4574,80.5,5.966,0.0472,0.1656556,10.85,0.02893,4.678,0.4999,14.77,3.5118,0.8983
475,0.0096428431,1.711,85.53,2.817,0.06172,0.0347432,10.57,0.06303,3.821,0.7607,93.11,0.7677,0.2563
476,0.0043842077,15.7922,84.4,1.61,0.01717,0.300196,7.254,0.007663,12.41,0.2883,21.95,81.9541,95.4279
477,0.083608676,91.9623,89.37,5.745,0.5362,0.1528276,77.45,5.278,42.76,0.9804,3264.0,2.0414,1.4358
478,0.018661172,79.458,90.0,5.969,0.5362,0.1528276,14.35,0.1093,8.658,0.003432,414.1,9.3631,6.2293
479,0.008213733,98.584,86.31,2.187,0.02316,0.6118956,6.84,0.01957,3.758,0.3,77.4,1.1651,0.107
480,0.0094323506,98.7339,78.93,2.111,0.02316,0.6118956,8.289,0.03833,3.638,0.7,92.11,0.989,0.0943
481,0.013435423,19.516,87.18,6.0,0.02531,0.6118956,-1.0,0.08034,4.359,0.1,211.0,79.6164,93.4843
482,0.030429858,3.5618,89.35,2.372,0.1093,-0.0961176,21.21,0.09786,7.217,0.5411,1058.0,0.3598,0.4854
483,0.1608117,73.7315,89.01,3.5,0.03755,0.3481512,-1.0,0.4891,247.7,0.1,30160.0,24.4574,20.6321
484,0.0050641958,96.3007,85.31,3.965,0.04902,0.3047348,2.466,0.02526,4.047,0.4583,28.7,3.4456,0.8798
485,0.014730088,99.1663,25.03,5.714,0.04903,0.3047348,13.04,1.865,3.863,0.9835,146.2,0.7902,0.0843
486,0.021566936,99.1657,21.82,6.498,0.04903,0.3047348,20.13,2.777,4.538,0.9833,294.4,0.7542,0.0829
487,0.0099970749,99.5825,87.24,12.0,0.04903,0.3047348,-1.0,0.12,4.299,0.1,116.5,0.4082,0.0775
488,0.0085229847,24.8432,87.43,2.39,0.1006,-0.3639746,9.046,0.05169,6.626,0.7838,70.74,5.7773,10.0378
489,0.012470439,57.6716,83.92,6.235,0.03806,-0.5629646,8.11,0.09011,2.999,0.3868,190.3,21.6195,19.1207
490,0.5,99.9076,89.84,6.0,0.1331,0.0,-1.0,2.015,384.5,0.1,477600.0,0.0202,0.0
491,0.5,99.5678,89.87,5.0,0.1331,0.0,-1.0,1.679,306.3,0.1,393700.0,0.202,0.0663
492,0.023221139,2.0674,90.0,11.53,1.476,-0.557756,3.067,0.2617,78.7,0.005476,726.2,93.5212,98.7186
493,0.018902163,75.5393,89.98,1.663,0.04416,-0.2420112,14.65,0.03086,4.894,0.004745,432.1,3.8019,9.3979
494,0.021298696,19.6618,83.93,2.71,0.07572,-0.0565948,45.97,0.3113,6.665,0.9137,376.3,0.8694,2.2649
495,0.011881632,4.0356,89.77,3.625,0.1727,-0.0565948,12.42,0.04427,4.28,0.1976,168.2,1.2432,0.6275
496,0.3171714,66.2595,89.79,4.526,0.5945,0.1843156,324.3,6.495,198.9,0.9688,46660.0,0.809,3.8337
497,0.0098257324,90.2602,89.19,3.143,0.02884,-0.2192368,8.862,0.03071,4.917,0.06577,117.3,4.1878,1.6866
498,0.02378361,3.7693,89.66,3.369,0.08324,-0.3236504,222.5,0.07951,28.13,0.1258,691.2,0.0089,0.0
499,0.0062527819,95.4644,80.4,8.408,0.04836,0.2972308,9.925,0.06952,4.711,0.5,43.64,4.2955,1.1678
500,0.0075552546,98.1384,88.09,15.52,0.04836,0.2972308,12.07,0.1169,3.643,0.06242,67.24,1.756,0.3373
501,0.0039005595,99.4529,73.95,1.544,0.01979,0.1715336,8.33,0.01147,10.12,0.6918,15.75,0.5253,0.0776
502,0.0041805512,99.737,68.16,2.023,0.01979,0.1715336,10.53,0.01652,4.677,0.7017,18.05,0.2568,0.069
503,0.0033129522,97.4123,81.63,2.466,0.01979,0.1715336,7.725,0.008946,5.639,0.3,12.55,2.4139,0.56
504,0.0066341463,9.7761,87.7,2.721,0.02225,0.299316,7.38,0.01812,40.81,0.1016,50.95,89.8634,97.7944
505,0.0080545346,86.1081,85.63,3.52,0.02864,0.0591724,23.07,0.0309,5.398,0.3009,76.22,2.3118,3.9558
506,0.01120897,93.7695,85.19,3.234,0.02295,0.082152,9.775,0.04094,5.714,0.3546,145.0,3.0725,0.8185
507,0.16756192,39.7666,88.24,7.919,0.2851,0.266861,60.26,12.05,37.95,0.9845,12270.0,8.5302,18.78
508,0.0082037955,17.5784,74.86,12.66,0.0396,-0.2473804,9.495,0.1377,9.367,0.5037,79.21,81.0918,94.5701
509,0.0028335898,93.4248,78.3,1.874,0.01933,-0.0181448,8.185,0.00704,6.37,0.4987,8.832,6.5721,2.0741
510,0.0020222669,93.1651,83.1,1.96,0.01933,-0.0181448,4.61,0.004374,3.926,0.3095,4.641,6.8287,2.1994
511,0.0047314888,98.9566,55.15,3.987,0.03381,0.161428,12.72,0.09729,5.161,0.9004,19.73,0.9037,0.0896
512,0.10017579,93.3358,89.57,15.0,0.1552,-0.2621848,-1.0,1.378,115.1,0.1,12230.0,6.3926,1.9976
513,0.098945005,98.6667,89.57,15.0,0.1552,-0.2621848,-1.0,1.363,112.3,0.1,11930.0,0.9173,0.0904
514,0.0068172841,7.4755,82.31,14.94,0.05997,0.4036936,13.72,0.1119,4.522,0.3116,53.17,89.3455,98.0566
515,0.0075931199,30.1237,89.97,2.468,0.1122,0.3642704,8.069,0.01861,10.84,0.01585,67.08,35.8137,36.5127
516,0.026508906,2.6191,89.97,1.833,0.1576,0.1294526,15.5,0.04756,11.15,0.06943,855.0,0.4172,0.3699
517,0.55191303,99.7842,86.39,6.127,0.07137,0.157534,14780.0,3.521,2770.0,0.7165,234100.0,0.0846,0.0403
518,0.30131686,99.7831,89.56,5.0,0.07137,0.157534,-1.0,1.167,1869.0,0.1,106500.0,0.1304,0.0807
519,0.022299884,0.3637,89.95,5.312,0.965,-0.2485254,4.055,0.1596,10.63,0.5292,574.6,99.4709,99.4809
520,0.0078562065,97.4437,82.01,7.24,0.03626,0.3305412,10.5,0.06197,5.672,0.3,71.12,2.5376,0.5937
521,0.0079261492,99.272,87.62,7.438,0.03626,0.3305412,12.35,0.05898,4.993,0.09119,73.56,0.7062,0.0812
522,0.0086833952,99.3641,74.67,7.05,0.03626,0.3305412,16.48,0.0835,6.639,0.5249,83.35,0.3302,0.0738
523,0.0058214563,3.8917,7.016,1.122,0.02296,0.1656556,11.79,0.3501,3.4,0.9931,20.95,95.7496,98.8572
524,0.0069662407,14.6521,87.99,1.525,0.02446,-0.0617716,19.11,0.01121,10.33,0.244,57.28,1.3032,2.8115
525,0.012775309,20.1558,86.71,15.41,0.2445,-0.0100136,14.03,0.4101,9.623,0.7299,167.2,58.0244,77.8632
526,0.13247003,17.957,89.99,6.0,1.11,-0.2015648,-1.0,0.7081,34.01,0.1,22150.0,79.1892,94.1607
527,0.081936352,5.1468,89.29,24.5,1.334,-0.5489888,10.59,12.25,17.16,1.0,2036.0,89.1369,98.0859
528,0.012619604,98.0412,87.28,2.733,0.04329,0.1792936,19.12,0.04124,10.58,0.4198,181.9,0.7645,0.1038
529,0.0057154465,99.6997,74.07,5.603,0.04628,-0.153614,9.304,0.06128,5.036,0.6951,34.05,0.3003,0.0737
530,0.0051683914,99.6117,88.63,5.425,0.04628,-0.153614,9.313,0.0281,4.119,0.08638,31.58,0.3665,0.075
531,0.060392343,63.6463,87.82,3.5,0.02365,0.3481512,-1.0,0.2012,34.94,0.1,4265.0,32.1305,27.388
532,0.0098732309,12.9661,88.37,2.549,0.05482,-0.3116036,10.62,0.02912,6.144,0.382,114.8,0.8927,1.5637
533,0.010305904,14.0087,89.09,2.478,0.07194,-0.3116036,9.143,0.02843,3.554,0.335,126.2,6.2531,6.1341
534,0.049869335,43.0005,89.58,13.72,1.227,-0.549189,21.92,4.002,29.4,0.9342,1798.0,39.2088,34.6029
535,0.028826474,1.5986,88.15,2.783,0.08733,-0.5341774,76.69,0.1475,11.35,0.696,870.4,0.0235,0.0
536,0.024661482,2.7899,89.72,2.746,0.1551,-0.5341774,41.51,0.07368,8.46,0.3248,745.0,0.1087,0.3024
537,0.0049393456,12.4236,85.69,5.37,0.02542,-0.4557394,11.18,0.02711,23.23,0.1626,30.15,86.0536,96.9352
538,0.31347814,92.7614,86.35,7.781,0.06969,-0.162237,1052.0,2.424,335.0,0.5415,108000.0,0.8458,0.537
539,0.03121858,97.3715,89.99,5.503,0.1344,-0.564017,28.4,0.1666,14.42,0.004055,1260.0,1.0736,0.128
540,0.048222851,96.0688,78.14,7.872,0.1344,-0.564017,17.5,8.042,6.89,0.9905,816.3,1.4263,0.2704
541,0.29057363,92.522,89.45,4.813,0.1512,-0.2420112,210.2,1.243,52.81,0.3992,97370.0,0.2701,0.5816
542,0.005298552,99.421,32.15,3.167,0.01807,0.4474042,10.28,0.07727,4.523,0.8877,25.04,0.5541,0.0779
543,0.0053135244,99.724,86.09,5.56,0.01807,0.4474042,14.32,0.02961,4.283,0.08654,33.19,0.2666,0.0701
544,0.014451587,3.9643,89.88,8.806,1.271,0.2322124,6.919,0.2367,7.186,0.6904,218.4,84.1871,95.0112
545,0.0059470605,98.6512,49.19,14.88,0.04834,0.2972308,12.19,0.2314,4.643,0.7895,34.83,1.3147,0.1262
546,0.017283362,9.1201,89.92,1.945,0.1151,0.2972308,9.105,0.03325,5.336,0.07826,350.2,78.7427,93.398
547,0.0092336227,6.5334,17.87,2.955,0.02967,-0.1057736,15.6,0.3501,5.571,0.9648,64.3,92.9736,98.3921
548,0.0050270935,6.9911,29.38,2.968,0.02159,0.0403128,13.22,0.06502,6.179,0.8806,22.88,91.9423,98.2009
549,0.0098994197,99.7459,40.76,1.876,0.01686,0.2975464,8.751,0.09298,9.739,0.9,86.49,0.2478,0.068
550,0.012736619,99.3269,89.46,2.661,0.01686,0.2975464,17.89,0.03348,4.122,0.01733,188.8,0.6048,0.0786
551,0.014650675,96.5968,79.63,1.732,0.0204,-0.4181908,14.68,0.04631,11.77,0.6831,225.7,1.8805,0.3969
552,0.029204044,0.6421,89.89,3.682,1.214,-0.1174064,5.165,0.6262,9.072,0.9249,684.8,98.1792,98.9761
553,0.0088300746,97.3189,81.79,14.88,0.05711,0.3101274,6.371,0.143,5.493,0.3003,89.7,2.6718,0.6342
554,0.003344938,99.0366,70.54,6.315,0.03381,0.161428,9.254,0.03276,3.722,0.5987,12.08,0.7351,0.0822
555,0.014691489,20.6775,88.96,1.912,0.01813,0.3935808,11.92,0.02777,28.66,0.0548,249.2,75.7124,92.0312
556,0.4021598,99.8901,89.22,5.106,0.1141,-0.143207,2965.0,1.753,1055.0,0.4645,180800.0,0.0,0.0
557,0.1125272,88.1673,87.96,4.234,0.1141,-0.143207,303.8,1.139,69.89,0.8271,11710.0,0.0766,0.5615
558,0.0056548944,25.0936,89.86,3.087,0.04452,0.3642704,9.096,0.01736,3.545,0.01789,37.24,36.3619,34.2645
559,0.027407321,2.0065,89.63,3.835,0.3227,-0.3887248,10.27,0.1953,6.148,0.6992,785.7,0.2104,0.228
560,0.063070784,8.7793,89.99,3.646,0.5731,-0.091016,56.22,0.2173,23.12,0.06748,4786.0,0.3702,1.0675
561,0.010071142,99.2745,21.4,2.223,0.03097,0.0979898,13.7,0.5234,4.855,0.9829,69.48,0.7192,0.0816
562,0.030430591,5.8775,89.97,5.357,0.9294,-0.5555552,15.38,0.1735,9.949,0.3018,1161.0,5.3355,2.7561
563,0.0095504386,5.7736,51.91,1.969,0.01985,0.2760532,8.353,0.0927,6.967,0.898,80.25,93.8393,98.5756
564,0.011447974,7.7397,26.68,5.663,0.0315,0.2760532,7.948,0.3254,4.774,0.9011,115.0,91.9185,98.1719
565,0.0078776782,34.6126,89.76,1.647,0.03881,-0.097394,9.297,0.01293,7.373,0.06382,74.93,4.4641,12.1217
566,0.019588348,6.9892,89.65,13.51,1.434,0.200404,8.229,1.392,6.656,0.9103,326.3,82.1847,94.6377
567,0.0075369642,41.6536,83.26,2.15,0.01196,-0.4276062,10.39,0.01685,9.8,0.2138,69.57,53.7243,54.9405
568,0.021768443,78.1328,47.48,3.444,0.02321,-0.5225068,27.54,0.5682,5.969,0.9425,325.8,9.6243,7.3337
569,0.012432309,12.7836,31.35,2.672,0.01801,0.3082122,7.355,0.1654,8.612,0.9007,135.0,86.1457,96.8285
570,0.014625115,1.8045,88.21,1.5,0.04269,-0.535056,13.33,0.02826,5.837,0.4879,248.6,0.0501,0.0001
571,0.0037936934,11.4909,76.53,11.8,0.0606,-0.0016892,9.049,0.0539,7.518,0.4161,15.78,87.38,97.2359
572,0.0071553977,15.3614,65.11,2.194,0.01893,0.259436,8.289,0.04147,7.806,0.7928,50.16,81.8291,95.581
573,0.0054549407,99.1582,78.0,5.947,0.04627,-0.153614,10.87,0.0474,4.484,0.5666,32.69,0.8262,0.0858
574,0.0054372772,98.2218,71.82,7.808,0.04628,-0.153614,10.53,0.06815,4.22,0.6184,31.9,1.4539,0.1678
575,0.052670333,56.9283,56.93,25.54,0.153,0.2763834,139.1,12.77,19.94,1.0,916.2,14.9862,18.5925
576,0.0048476654,19.3923,59.57,16.56,0.04456,-0.549189,9.277,0.1278,6.924,0.6138,26.1,78.1916,93.3555
577,0.017000528,94.9971,83.01,4.257,0.03274,0.2076796,10.58,0.07937,4.278,0.3242,329.3,4.9686,1.3965
578,0.01686689,10.616,75.88,2.128,0.01838,0.2076796,11.3,0.04692,4.337,0.5019,313.5,88.8185,97.5504
579,0.017181554,89.3683,68.04,4.637,0.03274,0.2076796,10.38,0.1512,4.473,0.7,305.8,10.5615,5.3611
580,0.5,90.6708,89.27,3.0,0.02948,0.0,-1.0,1.007,3219.0,0.1,352600.0,8.6778,3.4499
581,0.0061195796,11.0278,81.31,2.032,0.01249,-0.4186652,7.263,0.0136,7.353,0.3026,45.6,88.5808,97.5116
582,0.0080551356,99.7889,54.45,1.122,0.01618,0.1638606,11.3,0.04877,5.205,0.907,56.3,0.2079,0.0678
583,0.0093912994,99.9029,71.95,1.223,0.01618,0.1638606,18.09,0.02316,4.143,0.7166,89.98,0.0971,0.0755
584,0.010125577,99.1897,87.85,1.5,0.01618,0.1638606,-1.0,0.01519,4.438,0.1,118.6,0.8071,0.085
585,0.015474754,21.3818,89.67,1.605,0.04457,-0.375942,9.987,0.02471,5.598,0.1024,292.9,5.7182,8.739
586,0.065236178,65.0756,85.95,7.936,0.1512,-0.2420112,11.54,1.806,4.312,0.8792,3700.0,4.0054,12.1104
587,0.011917401,26.3122,11.79,2.672,0.02949,-0.02299,10.21,0.6635,4.542,0.9811,98.32,68.5012,83.9312
588,0.38806275,88.1873,86.3,4.123,0.07469,-0.2420112,158.8,4.032,69.45,0.9237,79620.0,2.8034,3.0281
589,0.089028921,65.1645,86.87,3.098,0.04705,-0.2420112,29.94,0.3249,8.855,0.4889,9040.0,10.6035,15.7607
590,0.011273457,8.9006,88.33,4.827,0.03248,0.3282988,6.486,0.05411,6.289,0.07434,147.2,89.8754,97.8318
591,0.0086788777,72.8783,76.61,2.321,0.01529,-0.5200268,12.39,0.0264,5.101,0.4955,87.51,26.7485,22.7479
592,0.027083176,95.4194,87.3,3.107,0.05939,-0.026385,61.8,0.1097,17.04,0.5098,826.4,0.5704,0.2946
593,0.016855187,89.4599,88.41,2.997,0.05939,-0.026385,28.28,0.05586,7.356,0.3358,332.6,0.6401,1.0111
594,0.0071397719,94.2701,88.15,1.503,0.01621,-0.1057736,6.862,0.01074,7.285,0.08823,59.18,5.3724,1.5562
595,0.0052535755,97.5311,41.97,1.463,0.01603,-0.1057736,2.591,0.0404,3.789,0.9028,24.06,2.4346,0.5647
596,0.0061063704,10.2915,89.95,3.858,0.06578,0.0022168,8.995,0.02342,4.954,0.01088,44.64,3.4556,4.3678
597,0.011749263,95.3917,62.86,1.123,0.01451,0.370728,22.39,0.06628,12.15,0.9014,119.5,2.1778,0.5542
598,0.0029874155,7.0961,82.16,2.016,0.019,-0.0017064,6.709,0.006718,10.88,0.3265,10.17,92.2823,98.2333
599,0.011911542,8.122,89.57,7.291,0.7375,-0.0017064,5.782,0.2295,9.986,0.7958,139.2,80.7858,94.2751
600,0.043068592,5.5072,89.75,13.9,1.285,0.0934652,7.477,1.345,9.089,0.7725,1846.0,85.4337,96.2166
601,0.019798691,19.5733,60.19,7.121,0.05669,0.2470494,7.401,0.8353,4.982,0.922,333.4,78.1911,93.2691
602,0.01100747,99.3868,87.54,15.02,0.05711,0.3101274,10.24,0.1649,4.851,0.09347,141.6,0.6069,0.0786
603,0.012399034,97.8793,74.81,15.01,0.05711,0.3101274,15.34,0.2439,6.745,0.4996,170.8,1.309,0.127
604,0.0034700408,45.8263,86.99,2.408,0.01237,-0.2565168,5.841,0.008389,9.053,0.08498,14.62,53.4734,55.5588
605,0.05941018,91.2336,69.84,2.112,0.02586,0.290085,579.0,0.6323,77.87,0.9239,2902.0,1.6212,1.5107
606,0.010295207,12.2405,33.88,8.452,0.05853,0.3121048,12.1,1.052,4.454,0.9628,81.48,86.8027,97.0198
607,0.012297876,13.08,89.45,8.602,0.2142,0.3121048,7.16,0.111,2.891,0.2442,173.8,78.3583,93.3119
608,0.0064905676,5.4703,82.55,5.479,0.0324,0.3121048,6.158,0.0388,4.491,0.3,48.14,94.5017,98.652
609,0.01029201,92.7536,17.0,2.041,0.03097,0.0979898,15.58,0.6626,3.834,0.9884,68.74,7.0503,2.3201
610,0.0074422329,99.4039,85.2,4.411,0.03064,0.0979898,12.06,0.03375,4.23,0.1866,64.29,0.593,0.0784
611,0.0098544018,26.7381,88.7,1.867,0.03593,0.0979898,14.25,0.01866,5.495,0.1534,112.6,67.5197,82.0433
612,0.010340659,29.7408,89.88,2.201,0.05704,0.0979898,11.68,0.02254,5.556,0.02489,124.6,62.1514,71.6659
613,0.012323574,19.5995,85.23,2.052,0.02309,0.1937534,6.698,0.02737,4.552,0.2972,174.0,79.7236,93.4888
614,0.0093083994,15.7594,87.28,4.5,0.02675,0.1937534,-1.0,0.04192,4.872,0.1,101.1,83.7829,95.7537
615,0.0053542803,21.6162,83.85,2.333,0.01984,0.2604788,9.927,0.0137,7.495,0.3065,33.05,76.0987,91.8526
616,0.0049031729,97.3131,30.96,2.659,0.02796,0.3186328,8.019,0.1554,4.278,0.9596,18.63,2.653,0.6285
617,0.0027462679,97.7409,30.76,4.693,0.02796,0.3186328,4.644,0.05627,3.755,0.8796,6.86,2.1607,0.4857
618,0.018366862,91.7341,87.63,1.623,0.02854,0.3082122,10.96,0.03214,4.791,0.301,387.9,4.8191,1.4026
619,0.020670662,97.3173,89.89,3.764,0.02862,0.3082122,13.26,0.07624,3.796,0.006459,502.7,2.2697,0.5224
620,0.0062902764,99.2566,86.43,1.211,0.01458,0.3503974,17.57,0.007898,12.44,0.2043,45.26,0.6345,0.0792
621,0.0071567597,99.6412,59.15,1.04,0.01458,0.3503974,17.79,0.03777,4.858,0.9,44.93,0.3276,0.0737
622,0.0035885275,98.4535,56.86,3.942,0.02097,0.310215,8.306,0.02668,6.052,0.6879,13.44,1.5465,0.2139
623,0.0040300026,99.7985,87.85,2.565,0.02097,0.310215,11.7,0.0104,5.143,0.09903,18.88,0.1985,0.0685
624,0.0086825759,95.491,84.05,1.622,0.0317,0.101536,15.29,0.02715,7.341,0.7,78.06,1.2366,0.2681
625,0.011658397,2.6769,81.45,3.381,0.06398,0.076492,15.2,0.1952,5.126,0.8997,117.2,0.3504,0.3763
626,0.0041542154,99.455,31.86,1.312,0.01396,0.37234,4.811,0.04267,5.294,0.9361,14.15,0.5418,0.0777
627,0.0034486577,99.015,30.51,1.95,0.01397,0.37234,4.328,0.02775,5.702,0.8724,10.86,0.9633,0.0927
628,0.011431536,96.8685,87.14,2.0,0.01396,0.37234,-1.0,0.02283,6.844,0.1,152.3,3.0881,0.7671
629,0.0045886484,96.0707,84.77,3.008,0.03966,0.2593648,9.62,0.01775,6.632,0.4764,23.45,2.9182,0.7192
630,0.0050827535,95.9832,86.45,1.918,0.03966,0.2593648,11.22,0.01291,7.49,0.5,28.55,2.6894,0.6509
631,0.028225996,0.0938,89.99,3.001,1.098,-0.1566924,5.692,0.08748,13.22,0.2447,953.2,99.8835,99.8186
632,0.0032391407,28.8203,89.46,4.124,0.01505,0.310215,4.398,0.01332,12.51,0.009509,12.24,71.0295,86.1215
633,0.027718699,3.6492,87.3,6.345,0.2014,-0.066224,28.47,0.8278,6.304,0.9021,653.2,0.2339,0.3944
634,0.0030503216,17.574,29.04,2.263,0.01611,0.3372052,4.074,0.03554,6.498,0.8993,8.169,81.2776,94.5903
635,0.0017144956,92.2442,34.48,2.274,0.01578,0.3112768,1.923,0.01215,10.64,0.8252,2.824,7.7159,2.7065
636,0.0037027205,93.854,29.88,1.985,0.01578,0.3112768,5.66,0.0301,7.725,0.8715,12.6,6.0471,1.8358
637,0.0065504636,92.9856,56.61,1.154,0.02003,-0.2848236,10.65,0.04114,9.905,0.907,33.99,6.6241,2.1114
638,0.005578128,89.1789,88.03,1.5,0.02003,-0.2848236,11.47,0.008404,3.966,0.1,38.76,10.6781,5.512
639,0.017153098,96.2228,86.93,3.335,0.09615,-0.5584512,10.47,0.1049,11.0,0.6869,311.2,1.7009,0.3837
640,0.016833496,90.906,89.66,1.541,0.03759,-0.5675358,10.84,0.02576,5.856,0.09921,363.9,4.3474,1.3847
641,0.25105965,88.7673,75.16,4.083,0.03551,-0.2420112,306.2,4.092,59.77,0.9513,31610.0,1.5537,2.2597
642,0.16877071,88.6098,74.25,3.977,0.03551,-0.2420112,100.9,2.363,64.52,0.9193,18220.0,4.9407,2.136
643,0.50702599,97.5647,84.85,4.521,0.05681,-0.2420112,689.4,4.454,175.2,0.9043,137400.0,0.5377,0.1474
644,0.28532754,95.4038,83.01,4.376,0.05681,-0.2420112,265.9,3.862,51.0,0.9311,44010.0,0.3545,0.2998
645,0.015224901,74.6261,66.05,2.409,0.01134,0.0593,10.47,0.06986,7.074,0.7,242.9,21.1105,17.3803
646,0.014361987,6.0685,88.91,4.85,0.1394,0.0132848,8.417,0.08952,5.272,0.4861,233.3,7.0354,3.2812
647,0.065051078,91.3445,87.24,5.221,0.169,0.188608,21.68,10.21,9.636,0.9961,1442.0,2.8386,1.5913
648,0.02016406,1.1785,89.5,2.188,0.08853,0.2143116,18.06,0.04678,4.85,0.2771,471.9,0.0088,0.0
649,0.022938222,96.8721,88.05,3.107,0.0881,-0.517436,18.07,0.09223,7.283,0.5,616.8,0.6699,0.1855
650,0.0038956669,8.4117,26.41,5.144,0.03441,0.2360348,11.17,0.1098,5.257,0.9062,13.31,91.428,98.0558
651,0.067103275,95.4274,80.18,1.333,0.01872,0.1357606,656.6,0.1679,149.4,0.7294,4553.0,2.4702,0.5892
652,0.059203467,95.9752,87.77,3.0,0.01872,0.1357606,-1.0,0.1693,84.07,0.1,4167.0,3.3174,0.8434
653,0.0089895825,25.0087,59.55,5.818,0.03017,0.3566684,9.617,0.1358,5.271,0.7898,79.58,71.963,88.703
654,0.005443018,29.548,89.75,2.489,0.01621,0.2307612,7.081,0.01348,7.417,0.009684,34.92,68.1887,83.9391
655,0.015544459,3.3322,88.64,5.521,0.116,-0.0399672,13.69,0.1041,4.4,0.4375,277.7,0.0648,0.0081
656,0.020271533,97.355,82.06,1.619,0.05726,-0.5176298,34.98,0.1552,11.6,0.8989,326.9,0.6204,0.1562
657,0.011413609,94.3995,89.62,1.474,0.05726,-0.5176298,18.16,0.0168,4.596,0.1,164.4,2.1058,0.7601
658,0.0085343029,90.0185,88.0,1.17,0.01723,-0.562588,13.23,0.0104,8.565,0.2204,90.25,0.5991,0.9375
659,0.23924193,85.0228,84.05,4.823,0.0429,0.2743436,1956.0,1.202,169.0,0.5209,62710.0,9.8396,5.0813
660,0.035959767,69.8642,83.75,3.876,0.02702,0.2743436,79.39,0.1473,10.74,0.3,1490.0,20.5604,15.9747
661,0.010851146,14.8745,88.02,15.0,0.0681,0.2743436,-1.0,0.1626,5.263,0.1,137.9,84.4751,96.0273
662,0.0062740956,96.8198,81.46,1.606,0.02471,0.07652,13.07,0.01953,7.44,0.7001,40.77,1.565,0.2473
663,0.0064680679,97.69,13.03,1.282,0.01797,0.3111248,5.429,0.1682,10.33,0.9781,29.96,2.2574,0.5161
664,0.0090089725,99.414,61.82,9.235,0.08363,-0.0056244,14.39,0.4205,8.631,0.9005,74.13,0.5516,0.0778
665,0.014359593,99.0125,29.98,5.806,0.08363,-0.0056244,12.76,2.903,3.865,0.9995,74.21,0.9165,0.0902
666,0.005563349,5.6621,29.01,3.431,0.0286,-0.0056244,9.957,0.09493,5.493,0.8969,28.38,93.905,98.5976
667,0.02808297,5.2814,89.99,4.619,0.9933,-0.3913418,7.477,0.1282,6.548,0.1268,972.8,78.1066,90.8873
668,0.010803851,22.8439,89.33,1.211,0.01459,0.1436496,9.572,0.01301,5.631,0.06763,140.0,4.8837,9.0606
669,0.091388478,18.9033,89.73,3.957,0.1207,-0.5609328,735.2,0.3404,122.3,0.1701,10560.0,0.3241,2.1534
670,0.38468314,92.8622,89.73,17.39,1.121,0.2692396,1463.0,14.97,1222.0,0.9047,85190.0,2.1015,1.1486
671,0.0077712763,96.1087,65.3,7.779,0.05386,0.3522036,8.785,0.2253,11.38,0.8599,55.98,3.8665,1.0164
672,0.0072679037,99.1814,87.54,7.433,0.05386,0.3522036,9.524,0.0553,8.861,0.1742,61.5,0.8062,0.0849
673,0.0069889597,2.1281,29.38,4.348,0.02589,0.3522036,9.158,0.1598,4.083,0.9037,42.74,97.6911,98.8822
674,0.043830971,2.5563,90.0,10.64,0.9895,-0.5435306,6.48,0.4468,65.58,0.000169,2449.0,94.5078,98.7802
675,0.0095176138,22.232,87.66,3.302,0.09269,0.076492,8.722,0.05991,2.811,0.6964,94.45,5.0606,8.8799
676,0.020946698,8.7899,36.04,10.53,0.0661,0.1844008,8.119,2.449,5.104,0.9636,332.0,90.818,97.9807
677,0.041346331,15.2292,23.29,5.416,0.04404,0.1844008,12.25,2.708,5.833,0.9998,572.4,84.0604,95.844
678,0.0081450596,10.1069,87.64,3.5,0.02463,0.1844008,-1.0,0.02856,6.001,0.1,77.2,89.6791,97.7311
679,0.0038812259,48.3161,63.74,1.054,0.01447,0.7378528,9.312,0.02925,9.08,0.9295,12.38,47.6961,44.4893
680,0.012045001,94.1411,83.64,2.686,0.0739,0.2358288,23.15,0.1751,6.43,0.9094,124.1,0.6604,0.4002
681,0.0088645494,97.2512,89.71,2.537,0.1154,-0.0175748,10.01,0.02334,7.01,0.2124,93.57,1.1242,0.1344
682,0.016098878,0.4442,89.83,12.85,1.439,0.1424832,4.91,0.4141,72.83,0.7185,267.3,97.7827,99.0356
683,0.032689888,1.2647,89.83,4.166,0.1195,-0.460778,35.47,0.133,8.239,0.09171,1331.0,0.0237,0.0
684,0.032504031,3.4087,89.47,2.964,0.2406,-0.460778,14.15,0.2223,5.289,0.7735,1037.0,0.5078,0.4675
685,0.020694973,3.8705,89.88,10.97,1.782,0.2480024,5.845,0.3996,9.674,0.6727,449.2,85.3703,95.684
686,0.0066414605,92.1842,87.69,1.494,0.02003,-0.2848236,15.53,0.00999,5.596,0.1174,54.88,7.5519,2.6127
687,0.018006041,2.1087,89.3,2.62,0.1182,-0.545572,32.03,0.06293,6.148,0.5178,375.2,0.041,0.0
688,0.0027944478,16.8392,42.52,2.487,0.01743,0.302128,4.01,0.024,11.76,0.8446,7.365,82.595,95.1314
689,0.0039851207,17.0218,31.27,1.725,0.01424,0.2938876,10.38,0.0363,5.908,0.9026,13.89,82.0905,94.9108
690,0.024991068,96.446,87.89,2.665,0.0353,-0.2967732,123.8,0.06942,18.63,0.2563,751.7,1.0971,0.1922
691,0.010748591,16.2816,63.02,1.937,0.01552,0.3005986,11.48,0.03998,5.525,0.7,119.4,83.1953,95.4515
692,0.028224575,0.8931,89.17,3.983,0.1163,-0.532274,57.58,0.1316,11.14,0.4167,956.3,0.0649,0.0019
693,0.026964712,6.3586,87.74,1.596,0.05359,-0.532274,60.25,0.08091,8.187,0.7033,752.3,0.0654,0.0394
694,0.007824759,11.4098,80.97,2.295,0.022,0.313782,4.739,0.02238,13.06,0.4535,68.19,87.6951,97.2648
695,0.022469176,0.527,89.24,9.254,0.3704,-0.3577644,30.97,0.3926,10.71,0.7019,527.5,0.0029,0.0
696,0.0057057954,59.7185,30.15,2.492,0.02245,-0.44882,5.654,0.2229,5.123,0.9704,20.98,37.9025,32.4238
697,0.055356392,49.5692,88.07,1.5,0.01461,0.202171,-1.0,0.07943,6.116,0.1,3570.0,49.0362,48.0107
698,0.012525946,3.7187,89.7,11.34,1.215,-0.517818,2.51,0.3811,45.19,0.7997,145.5,92.7345,98.723
699,0.0035503424,6.8889,78.32,3.562,0.02343,0.2360348,10.27,0.01448,3.868,0.3605,14.32,92.581,98.3099
700,0.0053978396,12.0123,78.99,2.844,0.02474,0.2531976,11.49,0.02032,17.62,0.5,32.33,86.4796,97.0707
701,0.011259664,12.8989,79.95,1.921,0.02052,0.259349,6.676,0.02841,10.49,0.4998,139.3,85.8974,96.7795
702,0.0024197326,98.2663,37.7,2.198,0.01401,0.2805094,6.006,0.01982,10.69,0.8568,5.411,1.7119,0.3135
703,0.0030407899,97.9375,31.66,1.916,0.01401,0.2805094,10.03,0.03018,4.963,0.9,8.061,1.9041,0.3961
704,0.01637325,3.6403,90.0,3.158,1.532,-0.036936,8.853,0.05108,22.94,0.06365,310.8,94.9645,98.7584
705,0.014732632,97.9412,37.33,11.87,0.07666,0.3213974,22.19,2.956,5.014,0.9767,152.4,1.7338,0.3277
706,0.0082390403,94.2699,86.8,1.342,0.01723,-0.562588,13.21,0.01205,4.018,0.3,83.38,0.9523,0.3646
707,0.0026162817,38.9347,73.65,3.144,0.0176,0.1551508,2.452,0.01093,7.732,0.5,7.673,58.4611,66.5489
708,0.0094020611,9.7791,78.36,13.99,0.05771,-0.4209928,7.645,0.1673,44.69,0.4719,102.9,89.5934,97.7113
709,0.0042200705,9.5735,65.84,2.412,0.02053,0.1264634,12.06,0.0198,6.435,0.7,18.45,88.4787,97.6813
710,0.0053763906,94.013,87.29,2.548,0.01797,0.3111248,10.57,0.01376,5.775,0.1009,33.41,4.9437,1.4046
711,0.010094618,9.5483,25.15,3.335,0.02246,0.3111248,8.013,0.1827,5.216,0.9086,89.31,89.3815,97.7049
712,0.00058644201,92.6799,89.67,8.317,0.04854,0.2471392,0.05011,0.004877,4.261,0.01969,0.4058,7.0078,2.302
713,0.0085830895,86.5461,81.42,2.605,0.08363,-0.0056244,11.18,0.1371,4.077,0.9194,65.69,9.661,4.7412
714,0.014479871,3.3936,88.64,1.424,0.07368,-0.0280298,21.41,0.03882,8.649,0.6951,217.5,0.109,0.36
715,0.012918814,30.4408,77.94,9.919,0.07574,-0.4605374,36.47,0.2565,6.819,0.7164,172.7,6.6512,13.0392
716,0.0075203302,51.0975,77.76,0.8705,0.02118,0.154192,25.89,0.03365,10.59,0.9016,47.94,27.2998,23.4248
717,0.010886942,6.3986,84.14,2.289,0.02764,-0.009274,59.64,0.03284,9.372,0.5021,133.4,2.3018,2.3445
718,0.03019382,22.2572,78.18,1.095,0.02151,-0.091358,49.58,0.1515,5.273,0.9001,758.3,1.3149,5.1836
719,0.015334465,0.9624,89.27,2.591,0.1211,-0.3819044,20.11,0.05387,4.909,0.5272,267.1,0.047,0.0
720,0.0035057654,35.4224,58.25,1.195,0.01643,0.0942304,8.166,0.02165,8.64,0.9,10.53,63.5214,74.9601
721,0.13083478,93.0964,89.34,8.076,0.1144,0.0177964,2466.0,0.9592,377.8,0.1704,20330.0,0.0776,0.1839
722,0.014206337,58.9518,88.8,4.034,0.1144,0.0177964,26.6,0.07432,5.058,0.4931,228.0,0.0257,0.0001
723,0.0044471163,8.3459,77.7,2.707,0.02368,-0.0879584,10.09,0.01629,9.595,0.515,21.82,91.5744,98.0684
724,0.020046121,1.6378,89.63,3.623,0.07447,-0.1041364,21.73,0.07196,6.502,0.1036,483.1,0.0645,0.003
725,0.22982516,95.6343,76.11,5.171,0.04231,-0.0879686,1779.0,3.088,271.0,0.891,35790.0,2.9009,0.7179
726,0.010771789,10.4737,36.01,2.484,0.01781,0.270716,5.77,0.1334,4.553,0.9,101.2,89.4543,97.6545
727,0.022564299,99.4834,76.04,1.187,0.01495,0.270716,12.04,0.0503,4.709,0.7,523.7,0.4602,0.0775
728,0.01126886,97.2959,89.89,1.56,0.01367,0.0741592,10.36,0.01739,8.227,0.008077,153.6,2.0044,0.4359
729,0.014253678,97.424,83.33,1.295,0.01367,0.0741592,14.83,0.02415,5.18,0.5,229.0,1.6392,0.2782
730,0.0034850459,7.3569,89.89,4.058,0.02199,0.2205288,8.146,0.01409,7.079,0.003191,14.1,91.5106,98.1261
731,0.0090911918,13.7875,32.83,13.74,0.05455,0.3056456,14.08,0.6261,4.438,0.8996,72.54,85.7481,96.6072
732,0.010334828,93.7248,82.81,1.246,0.01448,-0.3905076,19.12,0.0175,7.047,0.524,121.1,3.5954,0.957
733,0.4483519,92.6939,87.3,3.563,0.0835,0.312224,222.5,3.573,93.76,0.9171,107100.0,0.6062,0.572
734,0.01741409,96.4649,89.99,2.35,0.07972,0.0269264,45.22,0.04023,17.35,0.005595,362.6,0.7825,0.2052
735,0.016276682,27.0973,89.98,14.23,0.1635,0.0015216,9.906,0.228,5.261,0.005823,317.8,54.7153,67.8913
736,0.0097817262,72.765,67.78,4.219,0.02076,-0.521402,11.41,0.07941,6.086,0.7,100.3,25.4923,21.724
737,0.28488503,93.0012,88.54,3.5,0.02369,0.0,-1.0,0.7823,1068.0,0.1,670200.0,6.0577,1.8612
738,0.36376465,94.3834,71.02,2.407,0.01413,0.1603108,4293.0,1.266,556.9,0.7846,103800.0,3.9984,1.0849
739,0.31394692,98.2197,85.46,4.084,0.04143,-0.328712,338.9,1.333,68.36,0.5791,106600.0,0.2387,0.1005
740,0.096492886,87.0799,79.28,3.688,0.04143,-0.328712,34.41,1.044,7.087,0.8635,8161.0,0.9967,1.3631
741,0.16538811,96.9565,89.99,7.549,0.07409,-0.480954,494.0,1.071,68.4,0.001083,34200.0,0.2229,0.1672
742,0.0055910201,4.5914,38.29,5.965,0.03364,0.3375626,8.463,0.1646,5.449,0.8961,27.7,95.1077,98.8058
743,0.0060048713,61.4363,85.52,8.892,0.07872,0.3282988,10.66,0.06185,5.478,0.3776,40.73,25.8533,20.9585
744,0.24697781,99.2084,87.18,5.763,0.07241,0.0887908,555.8,1.589,161.7,0.583,66140.0,0.0101,0.0
745,0.011994277,96.9033,69.65,1.814,0.01477,-0.2420112,14.91,0.04178,7.051,0.7008,149.6,2.5689,0.6068
746,0.010343041,90.6185,79.57,1.573,0.01477,-0.2420112,12.18,0.02152,4.213,0.5042,121.0,9.2158,3.9055
747,0.029546125,13.8809,87.42,2.0,0.01343,-0.2420112,-1.0,0.05796,5.952,0.1,1056.0,85.4658,96.4546
748,0.2102923,48.1223,89.73,6.003,0.6823,0.2967232,253.7,4.816,140.4,0.9392,25070.0,0.2459,4.0774
749,0.018257474,98.7285,84.17,1.812,0.03661,0.0934652,34.76,0.06279,10.96,0.7008,345.3,0.2418,0.0779
750,0.0080470652,99.1602,82.78,12.87,0.07666,0.3213974,11.49,0.1304,3.158,0.4627,72.71,0.7961,0.0845
751,0.006254349,7.3102,52.52,10.43,0.03685,0.3213974,11.31,0.1344,4.042,0.7218,40.2,91.8316,98.1437
752,0.010539149,94.9012,39.86,21.54,0.07665,0.3213974,13.49,1.065,6.006,0.8928,98.6,3.9769,1.0699
753,0.01253793,81.4744,87.41,1.717,0.02559,-0.4245518,58.07,0.02334,8.974,0.3,189.0,1.392,4.626
754,0.018309922,4.1733,88.14,2.382,0.03677,-0.048928,38.63,0.04588,10.1,0.26,395.8,0.1357,0.4322
755,0.011215666,9.7573,26.52,1.802,0.01465,0.2943296,15.11,0.1035,8.249,0.9031,111.0,89.71,97.7575
756,0.019280792,97.1637,64.66,0.9872,0.01547,0.2943296,11.02,0.09126,4.115,0.9,325.3,2.7467,0.6589
757,0.018355484,98.993,88.05,1.5,0.01547,0.2943296,-1.0,0.02731,4.324,0.1,388.2,0.979,0.0936
758,0.0091039648,94.469,49.18,14.41,0.04852,0.2471392,12.23,0.3544,3.848,0.7993,80.99,5.4201,1.5699
759,0.0099242957,24.1324,40.68,4.788,0.03054,0.2471392,8.928,0.3037,4.659,0.9237,82.25,66.5628,80.311
760,0.012074261,91.6686,82.01,1.043,0.02845,0.1158934,9.569,0.05242,5.344,0.8784,128.4,3.3226,1.3722
761,0.025837151,1.3667,88.2,4.666,0.06593,-0.0884672,42.58,0.1295,5.755,0.3079,786.7,0.0559,0.0003
762,0.010963164,12.0054,89.62,15.93,0.9942,0.154192,7.603,0.3903,7.515,0.7506,121.5,77.568,93.2891
763,0.012112238,67.5239,89.9,1.742,0.1727,0.1907046,10.2,0.02163,7.897,0.192,171.4,6.3059,11.8104
764,0.035094741,7.8604,90.0,4.341,0.4234,-0.2481312,23.78,0.1472,8.576,0.0003465,1498.0,1.0873,1.0016
765,0.019085962,6.1941,87.96,1.877,0.1069,-0.2481312,8.875,0.1684,3.94,0.8976,306.8,0.7967,0.7832
766,0.011086373,3.5012,89.04,11.64,0.4416,0.129466,5.331,0.2476,4.883,0.6998,127.6,86.9081,96.4436
767,0.0086073,40.0228,83.51,13.07,0.05941,0.2010592,6.978,0.1264,4.212,0.344,85.88,56.2229,61.3817
768,0.0058795608,98.3864,76.03,2.441,0.01817,0.2914774,12.66,0.01899,5.215,0.5,38.32,1.6136,0.2539
769,0.0038119497,7.0958,27.77,2.806,0.02119,-0.0879584,9.399,0.05521,4.458,0.9,12.8,92.7613,98.3004
770,0.019235324,95.0389,87.82,1.529,0.04495,0.2878502,13.65,0.03848,6.015,0.5049,409.4,1.0086,0.2962
771,0.013378072,98.6326,88.82,2.659,0.01855,0.3521146,12.09,0.03518,6.044,0.04487,207.8,1.2962,0.1231
772,0.01152034,97.1317,88.22,1.501,0.01495,0.270716,4.02,0.01725,3.995,0.09609,155.4,2.8152,0.6793
773,0.0062577615,19.089,73.32,1.835,0.03398,-0.1260656,10.54,0.05853,7.008,0.9,33.85,78.444,93.5396
774,0.016843967,0.6818,89.86,2.509,0.2118,-0.5553224,14.26,0.04528,7.733,0.2894,351.0,0.0704,0.0081
775,0.011075302,3.2877,87.88,1.752,0.04344,-0.4801472,24.07,0.02531,7.706,0.4943,141.4,0.1233,0.3501
776,0.0069716796,94.4114,89.61,2.342,0.01408,0.3056456,12.07,0.01621,4.982,0.01235,56.96,5.5793,1.6325
777,0.024444988,96.9161,87.34,2.0,0.01408,0.3056456,-1.0,0.04819,5.407,0.1,698.1,3.0152,0.7422
778,0.0074886556,58.3319,83.81,1.387,0.01199,-0.3411564,16.33,0.01132,6.956,0.3,67.62,35.3407,27.4757
779,0.40375383,90.8383,82.67,3.81,0.04272,0.1548676,1209.0,4.581,345.2,0.9461,80350.0,2.2654,1.8515
780,0.0043355745,97.4412,70.37,1.846,0.02281,0.221984,11.9,0.01556,10.1,0.6999,19.41,2.506,0.5849
781,0.0042969246,97.5071,88.36,1.53,0.02281,0.221984,13.72,0.006612,4.662,0.1,21.56,2.1283,0.4772
782,0.031829687,1.8489,89.77,8.155,1.036,-0.090618,5.845,1.293,40.01,0.9105,800.4,94.1037,98.7571
783,0.031669851,39.0466,84.01,1.089,0.04107,0.3104744,16.21,0.1568,7.203,0.9,875.2,19.0125,23.9455
784,0.0090761032,3.772,89.31,10.53,0.1871,0.2868672,13.01,0.09901,5.165,0.2092,96.23,2.6586,1.5541
785,0.012283026,6.3468,89.17,14.5,0.5309,0.2868672,11.64,0.3166,5.35,0.6707,159.0,2.6068,2.4472
786,0.005163556,94.588,69.86,1.667,0.02644,0.2868672,7.78,0.04451,3.805,0.901,23.19,5.0271,1.4242
787,0.0048449849,98.578,87.04,1.633,0.02644,0.2868672,9.015,0.008631,4.445,0.2969,27.02,1.1441,0.1052
788,0.37038181,99.8766,89.76,4.5,0.08974,0.0385542,-1.0,1.226,2559.0,0.1,310900.0,0.1111,0.0865
789,0.037600041,78.5464,86.1,6.923,0.07409,-0.480954,28.98,0.3549,5.785,0.5511,1609.0,0.5879,2.6454
790,0.0202111,0.836,89.85,2.416,0.1031,-0.2536524,31.87,0.04839,13.03,0.1056,495.3,0.0412,0.0
791,0.016645686,96.5969,83.47,2.737,0.041,-0.4204256,13.41,0.09624,5.368,0.7369,281.4,0.9821,0.1855
792,0.0094626859,99.0801,82.87,1.5,0.01493,0.3215816,9.731,0.01548,6.901,0.3042,101.5,0.8827,0.0885
793,0.060577628,73.2016,86.0,4.912,0.07241,0.0887908,42.33,0.523,8.472,0.7,3822.0,0.1931,2.6158
794,0.030062586,97.5872,86.16,4.474,0.08116,0.373471,119.3,0.2493,22.34,0.7002,938.0,0.2673,0.1438
795,0.0084073848,97.7656,86.14,3.951,0.08117,0.373471,10.87,0.07015,3.403,0.7313,72.19,0.7052,0.123
796,0.02370976,0.3012,89.97,2.43,1.194,-0.0356792,3.894,0.08964,30.45,0.6172,608.4,99.585,99.4962
797,0.0050983233,71.1002,88.6,2.208,0.04095,0.2163676,12.68,0.01159,6.928,0.1846,29.86,18.7112,14.4763
798,0.00025293379,20.3943,14.31,1.048,0.03335,0.2163676,0.02182,0.03663,3.797,0.9965,0.03701,77.575,92.7609
799,0.43811658,99.588,89.95,9.0,0.374,0.0,-1.0,2.762,8623.0,0.1,346000.0,0.3436,0.074
800,0.37486765,99.556,89.93,12.0,0.374,0.0,-1.0,3.297,7289.0,0.1,282600.0,0.3411,0.074
801,0.0079034409,55.6299,13.4,1.877,0.01848,-0.3687552,8.943,0.2638,6.252,0.9753,39.96,42.7774,37.5259
802,0.0043007933,98.7176,88.35,3.357,0.02559,-0.4245518,8.462,0.01452,4.221,0.1007,22.83,0.6519,0.0798
803,0.0059028268,98.6469,39.66,4.232,0.02558,-0.4245518,8.538,0.1427,3.434,0.9114,28.13,0.9721,0.0934
804,0.51319359,99.6114,88.77,8.847,0.2555,0.0091928,7334.0,8.545,4962.0,0.8996,143400.0,0.037,0.0
805,0.0052372727,4.2072,36.36,3.943,0.02812,0.353,8.49,0.1294,5.505,0.9195,23.45,95.6307,98.8365
806,0.0051566503,60.9763,55.58,3.262,0.01602,-0.5466828,7.089,0.04461,5.08,0.7925,25.39,37.6025,31.9213
807,0.0067427064,48.1458,81.22,7.039,0.02851,-0.0853364,10.38,0.05203,5.731,0.3074,53.83,51.5973,52.1747
808,0.021462081,95.3177,69.94,2.929,0.01826,-0.5527784,5.508,0.1212,7.646,0.7091,478.1,3.6216,0.9457
809,0.022230855,97.3205,87.94,3.0,0.01821,-0.5527784,-1.0,0.06589,3.404,0.1,626.1,2.6394,0.6244
810,0.0089837077,99.0508,39.34,5.803,0.03374,0.233266,12.27,0.3266,8.287,0.9215,67.6,0.9429,0.0916
811,0.0069348129,96.6734,86.24,6.981,0.03374,0.233266,11.58,0.04929,4.387,0.1573,56.56,3.3174,0.8365
812,0.35743692,93.1457,80.77,6.222,0.05532,-0.1240842,2942.0,3.117,371.2,0.7699,106600.0,3.9096,1.072
813,0.0049473898,97.708,89.17,2.113,0.01444,0.3907252,12.74,0.01041,4.264,0.02963,28.53,2.2797,0.5227
814,0.037826568,12.7051,88.18,3.645,0.1988,-0.3896512,19.13,1.383,14.64,0.9652,918.2,0.8559,1.5307
815,0.0071193816,5.7629,76.41,5.869,0.03755,-0.258174,9.517,0.05518,8.486,0.5,56.79,93.4984,98.4883
816,2.8403203e-06,74.2577,22.74,1.831,0.02173,0.2645776,2.349e-06,5.513e-05,5.278,0.9517,6.438e-06,25.6289,21.5741
817,0.022049116,2.3343,89.88,12.27,1.36,0.382363,3.63,0.3973,37.64,0.5842,527.9,88.6393,96.908
818,0.5,94.0114,89.22,2.5,0.02687,0.3470248,-1.0,0.8394,2769.0,0.1,284200.0,4.1584,1.1435
819,0.0089169543,7.9403,84.05,1.614,0.02156,-0.0698928,15.95,0.01899,6.177,0.5013,89.47,0.4165,0.9719
820,0.0048163014,96.0172,84.86,6.585,0.03644,0.2382794,7.273,0.03362,4.71,0.2479,27.17,3.9828,1.0567
821,0.24806,79.2944,89.87,2.934,0.6338,-0.0302612,721.1,2.112,313.3,0.914,36810.0,0.3528,2.5854
822,0.0068227354,98.9931,73.01,8.644,0.051,0.2708318,10.68,0.1139,23.83,0.6993,48.39,0.9786,0.0935
823,0.0064557642,99.7661,51.22,8.352,0.05101,0.2708318,8.808,0.3087,4.458,0.912,35.83,0.2339,0.0672
824,0.0065517381,88.3251,63.28,14.14,0.08203,0.249622,7.329,0.4868,5.078,0.9034,37.18,11.6259,6.6496
825,0.0062504656,94.4576,88.21,14.72,0.08203,0.249622,9.339,0.0931,4.413,0.1352,46.05,5.4805,1.5932
826,0.0052526134,18.4416,77.79,14.12,0.05167,0.249622,9.974,0.09085,4.672,0.4345,31.34,76.4448,92.3441
827,0.16743796,95.8369,82.9,2.453,0.03983,-0.063098,588.8,1.437,75.27,0.9181,17910.0,0.0671,0.0145
828,0.0077659077,96.6769,89.96,12.52,0.05902,0.407034,14.54,0.09651,7.812,0.001751,70.43,3.2825,0.8261
829,0.007164964,99.5083,47.11,11.87,0.05902,0.407034,11.34,0.4483,4.257,0.9041,45.04,0.4824,0.0775
830,0.0062000638,8.3548,69.99,2.905,0.03718,0.407034,11.61,0.09894,6.217,0.9078,33.48,89.7464,97.9249
831,0.081143834,70.4137,88.97,30.96,0.9506,-0.3039164,147.8,10.93,137.2,0.9163,5196.0,21.8361,17.2894
832,0.079844498,81.339,89.45,16.18,0.9507,-0.3039164,120.0,5.837,87.14,0.9201,4972.0,3.9838,6.6296
833,0.0051572471,98.7988,35.99,2.688,0.02205,0.133232,18.95,0.06902,13.25,0.8968,23.68,1.0823,0.1002
834,0.0047828432,98.6795,88.97,3.708,0.02205,0.133232,19.41,0.01767,3.917,0.03207,26.53,0.7854,0.0842
835,0.025538296,43.6872,78.76,1.251,0.01718,-0.3008126,22.42,0.06866,50.23,0.7482,650.4,41.1241,36.0564
836,0.013059915,5.9762,27.07,1.856,0.01681,0.0318948,8.676,0.1253,4.82,0.9051,148.8,93.9001,98.5365
837,0.024396773,14.5295,21.25,2.385,0.02432,0.0318948,16.83,0.653,4.303,0.9655,444.8,85.0159,96.3045
838,0.006314868,99.3897,75.78,8.636,0.03872,0.3452846,11.35,0.07233,4.576,0.5024,44.43,0.5917,0.0784
839,0.01054725,99.2597,84.29,1.313,0.01577,0.2905682,9.662,0.01516,3.829,0.3117,125.4,0.6908,0.0807
840,0.014616375,22.0435,87.67,2.0,0.01718,0.2905682,-1.0,0.0291,3.536,0.1,245.6,76.6626,91.7133
841,0.0099689569,18.2845,87.6,2.216,0.05145,-0.140859,10.74,0.0307,5.1,0.5389,111.2,1.4498,4.8346
842,0.0095969529,12.2011,89.2,2.077,0.06858,-0.140859,7.697,0.02212,3.379,0.3292,108.3,15.3968,10.5244
843,0.0072560251,89.5206,85.94,8.189,0.0706,0.285477,10.85,0.07043,3.603,0.4045,59.97,6.1294,1.9923
844,0.011582658,5.1188,89.87,5.707,0.4295,0.285477,5.102,0.07163,5.508,0.2981,155.2,80.5546,92.8316
845,0.018768602,58.2061,79.46,0.9676,0.02415,-0.0347918,38.72,0.0875,5.373,0.9003,295.7,1.4777,11.1194
846,0.0077738877,8.8808,80.8,14.78,0.07418,0.3100072,10.4,0.1474,4.093,0.4778,67.94,90.2217,97.8414
847,0.025071663,5.2269,90.0,10.89,0.733,0.1279912,15.32,0.2664,8.935,0.01246,747.4,0.7511,0.6785
848,0.015266608,12.7123,87.38,1.483,0.02829,-0.4660128,13.83,0.02693,6.089,0.4179,274.2,1.4792,3.2073
849,0.0059425884,8.2037,88.97,1.86,0.05483,-0.3963312,11.71,0.01242,8.793,0.3408,42.12,2.308,2.9574
850,0.34974112,96.0948,64.26,6.508,0.03461,0.263964,6004.0,3.254,746.4,1.0,50110.0,2.6527,0.6384
851,0.007878501,96.4541,82.63,4.606,0.02127,0.1877066,8.577,0.03758,5.108,0.2055,72.48,3.4566,0.8814
852,0.014983835,78.7949,88.05,3.318,0.02127,0.1877066,8.671,0.04927,4.866,0.07769,263.8,19.6854,15.8059
853,0.02486493,0.4565,84.32,3.727,0.08013,-0.1524208,31.9,0.4039,6.745,0.8913,531.2,0.053,0.0001
854,0.011927762,69.503,89.56,1.214,0.07089,0.3335408,19.71,0.01569,4.12,0.2987,162.6,1.3867,8.4129
855,0.0050892618,97.5972,73.52,13.88,0.07088,0.3335408,6.329,0.1398,3.766,0.7068,26.83,2.375,0.5485
856,0.0062538684,98.902,79.16,13.3,0.07088,0.3335408,9.966,0.1217,4.223,0.5683,42.78,1.0918,0.1008
857,0.0087848641,95.2571,66.32,1.495,0.02408,-0.0147508,12.02,0.06635,5.271,0.9004,68.21,4.657,1.2888
858,0.0078677282,98.6275,88.21,1.472,0.02408,-0.0147508,11.41,0.01177,4.855,0.156,70.87,1.2728,0.1195
859,0.0074836444,95.6707,89.1,1.663,0.01861,-0.0147508,9.623,0.01238,3.858,0.04775,64.45,4.2022,1.1349
860,0.0093669104,3.9727,28.04,2.335,0.01826,-0.3447208,14.56,0.1098,5.488,0.9,75.83,95.8088,98.8527
861,0.014492529,5.4121,15.1,3.463,0.03111,-0.3447208,13.72,0.6784,3.538,0.9691,151.0,94.3669,98.6628
862,0.5,99.9805,89.93,5.0,0.1917,0.0,-1.0,1.679,3240.0,0.1,526000.0,0.0102,0.0
863,0.49793198,99.971,89.93,4.5,0.1917,0.0,-1.0,1.507,2144.0,0.1,313000.0,0.0135,0.0
864,0.07805249,57.0659,88.73,3.127,0.142,-0.2834226,233.4,0.5184,77.97,0.7768,5979.0,8.4818,18.2242
865,0.02586535,97.3783,89.44,3.592,0.1996,0.21547,35.31,0.1289,10.89,0.552,736.7,0.4982,0.1628
866,0.3299083,82.6253,88.78,5.326,0.2004,0.186436,520.2,4.248,207.1,0.9053,64360.0,1.6805,5.1921
867,0.041289132,42.2947,88.92,3.585,0.1263,0.186436,19.96,0.1989,6.285,0.5446,1882.0,19.1232,24.1972
868,0.0016370965,97.6785,45.69,1.475,0.01575,0.2729298,0.4645,0.01274,7.535,0.9012,2.377,2.3091,0.531
869,0.14545854,69.488,51.28,4.673,0.03485,-0.1240842,273.8,2.336,29.45,0.9996,8104.0,25.1822,21.2864
870,0.014319411,6.0963,82.8,5.172,0.0641,0.0873728,45.24,0.1395,7.9,0.6951,214.3,0.4307,0.77
871,0.031186281,32.1424,82.4,7.088,0.02776,-0.2420112,10.17,0.2272,3.28,0.2414,1168.0,55.8891,61.9734
872,0.027375471,0.831,89.05,4.182,0.1334,-0.345339,18.0,0.1478,7.36,0.5026,858.7,0.0,0.0
873,0.0058428725,96.6069,77.16,2.386,0.02173,0.2645776,9.098,0.01845,3.936,0.5,37.7,3.3775,0.8554
874,0.0083167938,11.4525,39.1,1.599,0.01616,0.2645776,11.53,0.06347,3.102,0.8937,61.71,88.1789,97.408
875,0.0086841491,19.6824,25.58,1.866,0.01704,0.2645776,10.16,0.08783,4.612,0.9077,66.0,79.1617,93.3448
876,0.0058542133,95.2999,62.06,4.376,0.03644,0.2382794,8.04,0.1308,3.047,0.9,29.75,4.6845,1.297
877,0.14428885,20.6798,89.47,2.101,0.1346,-0.0113852,351.6,0.4108,77.47,0.6331,22230.0,0.1365,1.7896
878,0.004117011,99.2168,38.21,2.239,0.01778,0.3906636,3.391,0.04749,5.242,0.9,15.0,0.7769,0.0837
879,0.017151575,22.0176,88.85,13.52,0.3769,0.1237272,11.79,0.4865,7.381,0.7351,300.4,4.1857,8.7356
880,0.0076399781,29.0784,46.36,1.598,0.01233,-0.5371152,4.025,0.05832,86.27,0.8934,46.14,69.7297,85.0063
881,0.0066824243,98.5029,68.12,8.954,0.04149,0.350228,10.78,0.1156,5.151,0.6993,46.42,1.4603,0.1687
882,0.01185315,22.3513,26.52,10.41,0.06587,0.350228,15.59,2.623,3.439,0.9815,95.13,74.7564,91.1178
883,0.039034853,75.5554,87.79,1.758,0.03983,-0.063098,65.68,0.08734,8.205,0.5029,1722.0,0.177,2.3262
884,0.0064600922,15.3477,82.31,4.547,0.07993,0.352959,8.762,0.1307,9.05,0.8841,37.4,13.0576,10.4332
885,0.0047909483,85.5928,73.29,17.27,0.06404,0.352959,8.707,0.1285,2.994,0.601,24.85,14.2707,9.9843
886,0.0075142939,98.9722,82.67,1.573,0.01682,-0.0272948,15.88,0.01296,7.62,0.3089,63.51,1.0026,0.0949
887,0.0082756899,99.3103,77.47,1.542,0.01682,-0.0272948,18.76,0.01666,3.493,0.492,74.91,0.618,0.0788
888,0.012589237,93.1585,74.62,2.035,0.01585,-0.392524,9.94,0.0416,5.499,0.6299,172.2,6.73,2.1541
889,0.011391773,95.3175,73.21,2.629,0.01585,-0.392524,9.521,0.04312,3.819,0.563,145.8,4.1932,1.1369
890,0.003783368,27.1583,85.74,2.012,0.02034,0.2362616,7.821,0.008067,7.172,0.2449,16.52,71.1075,87.0575
891,0.016686213,85.1587,81.36,1.1,0.02572,-0.540706,8.882,0.08765,17.45,0.8982,215.5,7.0392,2.9857
892,0.011097023,50.3778,89.64,11.33,0.4842,-0.1260492,9.049,0.1576,7.643,0.4617,141.2,20.7675,22.5924
893,0.10317809,79.9875,85.9,30.43,0.483,0.002206,51.27,15.22,66.7,1.0,3747.0,6.7115,6.2223
894,0.0060445802,99.4022,89.9,9.277,0.03872,0.3452846,13.02,0.05574,5.4,0.003812,43.0,0.5543,0.0779
895,0.0055054123,6.7051,88.39,7.301,0.03461,0.415861,7.802,0.04015,5.165,0.06717,35.52,93.1859,98.3798
896,0.0091789732,8.7708,8.198,1.746,0.0245,0.415861,10.04,0.9326,3.971,0.9948,42.23,90.0239,97.8575
897,0.0138793,31.3786,87.35,2.0,0.01674,-0.035983,-1.0,0.02765,4.977,0.1,222.3,68.0326,82.1679
898,0.011805978,1.7614,89.54,2.886,0.04905,-0.1056088,15.36,0.03395,5.565,0.09135,168.0,0.0768,0.0487
899,0.014832021,0.9628,89.88,3.967,0.09902,-0.0941762,17.08,0.05811,5.388,0.04619,264.8,0.0,0.0
900,0.0035052067,6.0221,41.68,2.856,0.01716,0.216568,8.537,0.03,6.276,0.8184,11.82,92.4421,98.4022
901,0.16301662,24.5869,87.32,1.844,0.02492,0.1054832,1392.0,0.3041,113.9,0.4147,30790.0,0.5236,2.7012
902,0.010472381,14.8958,89.8,10.83,1.046,-0.0813668,4.684,0.2192,29.0,0.7021,114.4,78.2982,93.3172
903,0.0057246047,98.5375,77.06,1.519,0.01411,0.3065372,13.66,0.01151,25.35,0.5,36.08,1.4407,0.1606
904,0.0052542799,98.1422,65.79,1.631,0.01411,0.3065372,12.13,0.01675,4.383,0.7026,28.5,1.8485,0.3753
905,0.023381528,6.2398,89.63,5.816,0.2933,0.0934652,9.061,0.1578,4.451,0.4019,625.9,1.0574,0.8025
906,0.0044628073,6.5459,76.8,3.424,0.02081,0.4074014,9.845,0.02025,7.345,0.5,22.18,93.1385,98.408
907,0.021880798,38.782,89.61,8.654,0.2187,0.0979826,30.36,0.1953,7.755,0.2287,564.8,0.2714,3.7026
908,0.020198522,67.9901,88.32,8.993,0.2135,-0.2750876,8.494,0.3427,6.074,0.7,426.6,5.1037,11.2404
909,0.0087189671,90.9674,63.99,3.93,0.02757,0.0531752,9.594,0.1251,6.314,0.8572,69.37,4.3538,1.3636
910,0.017399075,2.8602,79.93,2.844,0.04801,-0.1524208,20.76,0.2378,4.256,0.8993,256.2,1.8422,1.0169
911,0.012595767,12.207,82.77,2.432,0.03499,-0.1524208,15.71,0.06064,3.409,0.7123,164.1,1.8703,4.0378
912,0.082548456,52.0698,87.02,14.61,0.1308,0.1727232,136.4,1.682,28.01,0.6035,7449.0,3.4867,13.7234
913,0.024050863,94.2867,78.98,6.949,0.1292,-0.48586,14.78,4.272,4.576,0.9891,251.1,1.0461,0.3603
914,0.52061132,93.3193,88.12,7.293,0.1286,0.0014624,11900.0,4.781,3557.0,0.7912,186500.0,0.9212,0.4647
915,0.010936493,4.0776,88.73,2.128,0.04417,-0.5628136,12.11,0.02527,4.669,0.2999,147.9,0.3244,0.5231
916,0.010931077,6.0605,89.33,2.177,0.06287,-0.5628136,9.004,0.02534,3.524,0.2676,148.6,4.3757,2.7791
917,0.0054773628,99.4453,36.49,1.186,0.01861,-0.0147508,3.638,0.08662,5.295,0.9645,23.17,0.5421,0.0777
918,0.0073660698,98.9296,67.35,2.091,0.01861,-0.0147508,9.236,0.02848,3.356,0.683,56.44,0.9743,0.0933
919,0.021240248,99.1669,87.92,2.79,0.06184,-0.0904642,34.42,0.07586,5.29,0.4899,511.4,0.2125,0.0626
920,0.032301668,97.1899,76.85,3.105,0.06184,-0.0904642,33.07,1.647,5.512,0.9817,560.2,0.338,0.1753
921,0.017500194,54.9844,86.72,4.949,0.1422,-0.2834226,13.69,0.3507,65.6,0.8775,267.9,31.2599,24.6844
922,0.0068646991,24.8822,87.66,12.39,0.1488,-0.4186652,7.223,0.1125,4.144,0.5006,54.77,22.0599,19.7842
923,0.070570145,49.166,80.04,7.269,0.04093,-0.5480448,130.2,0.6233,135.1,0.4968,5879.0,46.5844,42.0907
924,0.01906217,22.7371,87.37,1.219,0.02578,-0.5480448,23.3,0.0268,8.586,0.39,437.8,72.0959,88.3272
925,0.00030262836,88.2094,88.42,1.415,0.01575,0.2729298,0.02111,0.0004311,4.786,0.08444,0.1051,11.6067,6.6452
926,0.0177929,14.6472,87.34,2.5,0.01802,0.2729298,-1.0,0.04414,4.183,0.1,364.8,84.9881,96.2837
927,0.015383576,20.7509,89.97,3.557,0.9386,-0.271002,8.062,0.06233,17.07,0.3708,278.2,57.0873,76.746
928,0.0032161626,94.8682,78.85,1.279,0.01296,0.0111664,6.147,0.005607,12.32,0.519,11.49,4.5715,1.267
929,0.0052348769,96.1161,58.7,1.007,0.01296,0.0111664,11.93,0.02821,4.649,0.9047,23.09,3.6305,0.9394
930,0.0082062048,12.8324,85.52,3.971,0.01702,0.0278312,11.98,0.03288,15.81,0.1311,80.53,86.5752,96.9004
931,0.05509487,10.985,89.3,1.962,0.2545,-0.1657388,13.51,0.9508,6.566,0.9642,1828.0,0.5979,1.3272
932,0.0025856834,17.1725,27.85,2.181,0.01791,0.3245614,3.211,0.03179,7.1,0.9084,5.879,81.8557,94.8229
933,0.0075712574,98.1519,84.18,1.053,0.01734,0.0193588,16.86,0.01073,16.79,0.5141,63.38,1.4674,0.1742
934,0.0072065997,92.6492,87.55,0.8273,0.01734,0.0193588,14.58,0.006525,5.596,0.3057,59.27,6.2669,1.9608
935,0.24423405,68.1084,88.77,6.685,0.3211,0.2558664,534.8,11.37,134.8,0.9822,26760.0,1.7829,9.8591
936,0.0063746049,92.9681,87.52,2.0,0.01633,0.2558664,8.521,0.01279,4.328,0.1,47.03,6.8911,2.2355
937,0.0060161378,99.8679,87.53,2.489,0.01778,0.3906636,7.25,0.01504,3.474,0.1,41.94,0.1321,0.0802
938,0.0071214981,99.0203,82.56,2.39,0.01778,0.3906636,11.02,0.01856,4.461,0.3,57.9,0.5516,0.0779
939,0.010147792,99.4539,41.64,1.5,0.01597,0.0143268,9.21,0.07613,9.779,0.9,90.16,0.512,0.0775
940,0.007509074,97.6342,89.75,1.558,0.01597,0.0143268,6.594,0.01162,4.683,0.01121,65.64,2.1865,0.4946
941,0.0053873647,84.6425,86.07,2.977,0.0415,0.350228,7.717,0.02053,4.709,0.4736,32.5,12.5672,8.2393
942,0.02104727,5.2389,90.0,11.33,1.294,-0.1496848,2.178,0.2336,150.5,0.001127,539.0,89.8342,98.2989
943,0.012432344,98.8583,75.76,8.89,0.04391,0.3266454,11.1,0.145,5.438,0.5,170.6,1.1354,0.1042
944,0.0039050999,88.9225,89.56,17.59,0.06402,0.352959,7.172,0.06844,4.649,0.01951,17.95,10.8035,5.6848
945,0.0086038257,97.878,89.84,14.92,0.06853,0.3073406,14.33,0.1273,8.77,0.008197,86.92,2.0322,0.4416
946,0.0083115199,98.8271,62.14,12.38,0.06852,0.3073406,11.39,0.4039,3.972,0.8681,63.33,1.1388,0.1045
947,0.27023113,95.2955,65.75,1.852,0.01361,-0.3328582,696.2,1.646,87.89,0.9353,37720.0,1.8649,0.5686
948,0.011985112,5.4523,87.33,4.736,0.07464,0.3307072,14.45,0.0733,4.723,0.4874,160.7,1.3822,1.0318
949,0.021552547,14.9696,87.5,8.579,0.2151,0.3307072,16.66,0.5564,5.367,0.8299,442.2,3.5191,6.1546
950,0.0045291967,97.9904,79.37,2.727,0.04029,-0.0069196,12.69,0.02446,11.63,0.7068,21.07,1.858,0.3796
951,0.0038200328,93.9362,84.19,2.366,0.02538,-0.0069196,13.42,0.009892,6.836,0.3003,16.31,5.9648,1.7998
952,0.064123028,81.441,88.01,16.85,0.483,0.002206,43.03,6.309,23.0,0.9395,3133.0,2.9138,6.6392
953,0.48098929,92.1121,89.72,17.66,0.604,-0.0373684,25270.0,6.365,19180.0,0.3675,255100.0,3.1038,1.2668
954,0.18353111,93.8891,89.92,15.0,0.604,-0.0373684,-1.0,2.346,18710.0,0.1,295700.0,3.9146,1.063
955,0.023089832,52.5711,89.94,14.61,0.9843,0.2498566,12.19,0.3435,7.427,0.202,625.7,25.8527,22.4564
956,0.0088791456,14.9293,69.95,16.23,0.09116,0.1169808,11.92,0.4524,4.113,0.8308,74.79,77.7307,92.7918
957,4.748315e-05,29.6866,79.02,4.001,0.0255,0.3204496,0.0004578,0.0002265,5.939,0.4017,0.002538,66.9204,82.6367
958,0.0055729023,14.326,88.78,2.576,0.01688,0.3121846,11.69,0.01431,7.445,0.04605,36.4,85.6224,96.4419
959,0.0049849244,5.3523,77.12,2.099,0.01635,0.3121846,7.655,0.0137,4.222,0.4913,27.65,94.6299,98.679
960,0.01108078,13.0997,72.82,14.83,0.09114,-0.00998,10.87,0.4526,4.629,0.8049,119.1,85.0564,96.6692
961,0.010101259,7.5383,32.99,10.21,0.04949,-0.00998,10.96,0.6134,3.105,0.9174,85.14,90.9951,98.0845
962,0.01230414,13.8827,19.53,3.918,0.03594,0.1606744,14.71,1.359,6.524,0.9873,93.86,79.9045,94.5661
963,0.0086914157,7.2543,55.19,3.091,0.03008,0.3338896,9.774,0.161,5.58,0.9174,65.27,92.7202,98.2708
964,0.013893717,98.9394,33.73,2.454,0.01922,0.2354048,18.74,0.167,5.913,0.8997,171.5,1.0418,0.0974
965,0.017102683,95.6671,87.51,2.5,0.01922,0.2354048,-1.0,0.04246,3.257,0.1,337.6,4.1111,1.1056
966,0.021028956,0.4504,88.73,6.232,0.1938,0.1956192,15.72,0.2191,4.999,0.6503,471.1,0.0089,0.0
967,0.0072790201,96.0985,89.71,4.954,0.04449,0.2066974,11.34,0.03582,6.159,0.02514,62.52,2.9249,0.721
968,0.0087129707,92.0848,87.04,1.167,0.01979,-0.0305444,15.89,0.01119,9.422,0.316,87.94,0.9246,0.6179
969,0.0089960004,77.2373,88.88,1.217,0.01979,-0.0305444,18.15,0.011,4.94,0.1202,95.63,0.6167,2.7701
970,0.049529554,92.9753,84.61,0.7639,0.01758,-0.3030576,110.4,0.0708,13.48,0.7169,2422.0,2.8175,1.0465
971,0.041382324,92.9,87.45,0.8286,0.01758,-0.3030576,102.1,0.0387,16.76,0.3939,1960.0,2.4927,1.1021
972,0.0065011169,16.4008,80.28,5.513,0.04665,0.389849,10.66,0.05989,4.901,0.6387,45.06,80.5029,94.9881
973,0.01888048,99.085,88.07,2.654,0.0629,0.2388796,32.32,0.065,5.917,0.4979,398.4,0.1169,0.0661
974,0.015928,94.8475,80.67,1.126,0.0172,-0.1629204,25.67,0.03468,5.268,0.7062,260.2,0.6915,0.332
975,0.0096731572,90.4649,81.82,1.664,0.0172,-0.1629204,12.59,0.02126,5.882,0.5025,105.8,0.5051,0.8869
976,0.35037228,99.8026,85.43,3.877,0.04699,-0.1371384,1057.0,1.664,226.4,0.7053,115600.0,0.0169,0.0
977,0.10704372,88.9118,80.17,3.629,0.04699,-0.1371384,122.4,1.394,22.71,0.9012,9250.0,0.487,1.1093
978,0.024698076,90.4459,89.98,2.537,0.04858,0.3294552,108.2,0.06114,18.33,0.003904,717.1,2.1865,2.0195
979,0.0089087241,73.8215,70.93,2.466,0.0306,0.3294552,11.45,0.1106,3.192,0.9001,69.24,20.9954,17.1275
980,0.010161731,96.8916,84.12,1.499,0.017,0.0574728,3.66,0.01656,6.136,0.3,117.4,3.062,0.758
981,0.0088779577,99.4642,84.11,1.5,0.017,0.0574728,2.87,0.01449,4.83,0.3,89.6,0.5264,0.0776
982,0.021863673,15.3788,75.54,3.843,0.01982,0.0574728,11.63,0.09393,4.059,0.3566,542.5,83.8985,95.7707
983,0.0088221509,98.7551,84.31,1.299,0.02336,-0.475556,15.46,0.0151,5.916,0.5,89.39,0.9417,0.0916
984,0.01113009,79.9696,82.46,1.608,0.02522,-0.0905986,14.61,0.03439,6.135,0.7004,128.5,2.9114,7.4099
985,0.029896682,0.7791,87.45,3.479,0.1027,-0.5217536,50.85,0.2837,18.23,0.8139,836.8,0.0323,0.0
986,0.042248883,6.6736,89.8,8.662,0.625,-0.5217536,41.39,0.4848,18.27,0.5357,2049.0,0.8822,0.8372
987,0.015234027,92.9003,82.08,4.225,0.0984,-0.0400518,25.75,0.3151,19.01,0.9003,205.9,3.0839,1.0317
988,0.40884608,99.978,89.31,5.635,0.1428,0.08581,4118.0,1.883,1030.0,0.4167,186400.0,0.0,0.0
989,0.2269223,97.7921,84.8,9.904,0.1428,0.08581,706.7,14.31,122.3,0.9773,23250.0,0.0438,0.0
990,0.031811969,33.5468,89.76,4.999,0.3805,-0.4334206,25.31,0.2037,25.58,0.5007,1167.0,3.1612,11.7558
991,0.016034151,35.3484,86.71,3.323,0.06071,-0.1485628,8.461,0.08415,6.706,0.6186,279.9,7.8949,16.8918
992,0.0037699833,19.5663,85.11,3.59,0.02285,-0.0043626,8.372,0.01383,7.849,0.1586,16.54,80.4311,93.8222
993,0.0045637847,12.6171,76.24,2.861,0.0234,-0.0043626,8.475,0.01741,4.77,0.5047,23.1,87.375,97.0897
994,0.0093175705,32.1896,71.66,8.005,0.04394,0.1859786,9.532,0.138,4.966,0.6848,91.0,65.8025,80.1086
995,0.0060182268,95.9863,88.01,2.003,0.01633,0.2558664,8.009,0.01206,3.784,0.08014,41.95,3.4352,0.8799
996,0.0048597721,7.0582,87.78,3.011,0.02197,-0.040132,10.66,0.01467,4.081,0.08398,27.25,92.8121,98.3083
997,0.0087457182,9.6098,6.865,1.388,0.02522,-0.040132,11.4,0.6255,3.565,0.9937,44.63,89.9381,97.8151
998,0.013397796,39.87,17.86,1.32,0.01129,-0.4533636,9.772,0.1926,7.141,0.9595,113.2,57.6581,64.9009
999,0.021761597,96.1879,27.34,4.163,0.03988,0.4214268,10.36,2.92,4.281,0.992,223.9,3.7536,0.9782
